rank,name,score,sponsor
1,"轻盈体态",3557024,"Seagate"
2,"坚定自信，加油！",3544868,"Seagate"
3,"小卡拉米",3527144,"Seagate"
4,"Wolffy（灰太狼）",3517049,"Seagate"
5,"Million team",3498633,"Seagate"
6,"乐享运动",3459992,"Seagate"
7,"醉清风",3458870,"Seagate"
8,"FPA",3369692,"Seagate"
9,"STX Fitness ",3349077,"Seagate"
10,"PCBA**",3298962,"Seagate"
11,"APT.",3283792,"Seagate"
12,"Shugart Stompers ",3211186,"Seagate"
13,"云糯糯",3189194,"Seagate"
14,"富豪榜前五",3176232,"Seagate"
15,"SeaStire 5💙💖",3169833,"Seagate"
16,"เบี้ยน้อย หอยน้อย 🐚🦪🫛🧸",3159953,"Seagate"
17,"续航不躺平",3135631,"Seagate"
18,"ABC
",3133092,"Seagate"
19,"热爱生活",3116479,"Seagate"
20,"慢跑时光",3106457,"Seagate"
21,"Ranger Warriors",3083268,"Seagate"
22,"漫漫人生路",3076027,"Seagate"
23,"青云宗",3073960,"Seagate"
24,"Walkie Stars",3072345,"Seagate"
25,"One Team One Billion",3047145,"Seagate"
26,"懒羊羊",3032485,"Seagate"
27,"邪恶水蜜桃",3013425,"Seagate"
28,"运动乐园
",3005882,"Seagate"
29,"跑步吧",2989072,"Seagate"
30,"沸羊羊",2962556,"Seagate"
31,"突破极限",2957552,"Seagate"
32,"Senior squad",2946810,"Seagate"
33,"疾风逐光",2936760,"Seagate"
34,"วิ่งสู้ฟัด",2918404,"Seagate"
35,"灰太狼",2915457,"Seagate"
36,"征途徒步团",2906881,"Seagate"
37,"摸鱼队",2896848,"Seagate"
38,"王炸炸",2890380,"Seagate"
39,"Trail Snapper

",2862024,"Seagate"
40,"WorldFit 5",2861485,"Seagate"
41,"钻石王老五",2858015,"Seagate"
42,"Run Taiwan",2850081,"Seagate"
43,"Steps for Peace",2824376,"Seagate"
44,"Gogogo",2822788,"Seagate"
45,"plate team w",2810233,"Seagate"
46,"5个小伙伴儿",2786752,"Seagate"
47,"Be water my friends ",2778609,"Seagate"
48,"Team Taiwan",2774740,"Seagate"
49,"Foot Fit For Fight ",2759967,"Seagate"
50,"WX.OBS1",2751336,"Seagate"
51,"快乐大本营的秘密花园",2745503,"Seagate"
52,"喜羊羊",2737787,"Seagate"
53,"运动达人",2696680,"Seagate"
54,"健康每一步",2682260,"Seagate"
55,"Team Wengyee",2642193,"Seagate"
56,"6.20",2641447,"Seagate"
57,"ไปตี๋น้อย",2609556,"Seagate"
58,"Khalifah",2592123,"Seagate"
59,"CAG 888 🇹🇭",2532475,"Seagate"
60,"3.50 Caifan",2531403,"Seagate"
61,"绝不躺平",2509644,"Seagate"
62,"Black J",2432384,"Seagate"
63,"Stride Squad",2428700,"Seagate"
64,"เต่าเหาะ",2390881,"Seagate"
65,"Cleaning run run",2369466,"Seagate"
66,"动能联盟-MoveY",2364381,"Seagate"
67,"芳华悦动",2363961,"Seagate"
68,"快乐1+1",2357974,"Seagate"
69,"มดคันไฟ_🐜",2356870,"Seagate"
70,"R-WU-ZO",2351376,"Seagate"
71,"Team Taiwan 1",2348622,"Seagate"
72,"WUXIーMSL",2324552,"Seagate"
73,"开心小分队",2323800,"Seagate"
74,"走走停停小分队",2315340,"Seagate"
75,"益步步",2313855,"Seagate"
76,"小目标",2304834,"Seagate"
77,"BRD DREAM TEAM 🚀",2290365,"Seagate"
78,"HSA EE",2286913,"Seagate"
79,"时尚小喵",2283476,"Seagate"
80,"步步生风• Seagate",2280270,"Seagate"
81,"答案在路上🍃",2252607,"Seagate"
82,"RMO manufacturing team",2246897,"Seagate"
83,"Boy&girls",2238959,"Seagate"
84,"干饭不排队",2224561,"Seagate"
85,"风和动行",2219652,"Seagate"
86,"ZOIY TEANG ZOOD",2216217,"Seagate"
87,"天行者Skywalkers",2210390,"Seagate"
88,"Team80",2202604,"Seagate"
89,"NRM Bshift Soldiers",2198933,"Seagate"
90,"点点队",2192279,"Seagate"
91,"ขยับไว้ไม่แก่",2177195,"Seagate"
92,"Nosom",2160035,"Seagate"
93,"CR飞人
",2156693,"Seagate"
94,"Systems",2146793,"Seagate"
95,"余生不将就",2117909,"Seagate"
96,"หนามแดง",2117123,"Seagate"
97,"Hazard Hustlers",2113028,"Seagate"
98,"DBG C  Thailand ",2103806,"Seagate"
99,"Springy RnD",2097713,"Seagate"
100,"遇见",2090740,"Seagate"
101,"🇹🇭 Finance _ 01",2090476,"Seagate"
102,"ก้าวจนงง",2084031,"Seagate"
103,"333",2067846,"Seagate"
104,"元气同行团",2063181,"Seagate"
105,"Summit",2059053,"Seagate"
106,"มีเงิน มีทอง",2040720,"Seagate"
107,"W2 Test SG",2037473,"Seagate"
108,"C shift monitoring team",2037207,"Seagate"
109,"拼多多",2028363,"Seagate"
110,"☆Not the best but still good☆",2026895,"Seagate"
111,"หนุ่มน้อย ร้อยแผล",2023018,"Seagate"
112,"กินลมชมวิว",2017014,"Seagate"
113,"漫步阳光",2016517,"Seagate"
114,"Proclaimers RnD",2016238,"Seagate"
115,"Beyond Limits",2009767,"Seagate"
116,"เดินสู้ฟัด",2000762,"Seagate"
117,"健康悦动",1995721,"Seagate"
118,"冲啊 $1800",1993449,"Seagate"
119,"มิตรภาพลาบก้อย🤣",1990496,"Seagate"
120,"Lemon ",1983082,"Seagate"
121,"佛系刷步",1972713,"Seagate"
122,"Health Voyage",1970646,"Seagate"
123,"Walkruncrawl",1961538,"Seagate"
124,"五人开派队",1946315,"Seagate"
125,"快乐出发",1944679,"Seagate"
126,"🐷队友",1939761,"Seagate"
127,"SSC步步高",1927325,"Seagate"
128,"清风徐来",1926856,"Seagate"
129,"ทรงลุง พุงสะแด่ว",1921807,"Seagate"
130,"12345",1910508,"Seagate"
131,"The Daily Reps",1909671,"Seagate"
132,"CR4/2",1907640,"Seagate"
133,"SeaCare 360 SHG-5",1880972,"Seagate"
134,"Seaveyor ห้าวเป้ง",1879068,"Seagate"
135,"Shugart Never GiveUp!",1877558,"Seagate"
136,"ขนมชั้น Running",1873418,"Seagate"
137,"Walkaholics 5",1871193,"Seagate"
138,"Step Up Together ",1860720,"Seagate"
139,"身轻如燕",1847617,"Seagate"
140,"健步走达人",1843221,"Seagate"
141,"Happy Feet",1841076,"Seagate"
142,"LOVE SG",1831697,"Seagate"
143,"Gambateh 💪",1821386,"Seagate"
144,"STEP & REPEAT",1820498,"Seagate"
145,"Lucky girls",1819930,"Seagate"
146,"SnowWolves#1",1819315,"Seagate"
147,"chinnarasu",1811060,"Seagate"
148,"วัยรุ่น กดต",1808729,"Seagate"
149,"爱拼才会赢",1805281,"Seagate"
150,"Teamwork🥇🏆🎉",1792020,"Seagate"
151,"Support Helium Team B",1789308,"Seagate"
152,"ก้าวเดินไปด้วยกัน🚶🏃",1785257,"Seagate"
153,"天选牛马",1784511,"Seagate"
154,"W3 Maint - 2",1784381,"Seagate"
155,"sweet FA",1783560,"Seagate"
156,"แอ๊บแอ้",1782896,"Seagate"
157,"Tap Tap Smart",1780789,"Seagate"
158,"健康先锋",1778734,"Seagate"
159,"Run for cap",1773917,"Seagate"
160,"强身健体队",1770791,"Seagate"
161,"闲鱼",1765631,"Seagate"
162,"途个开心",1760196,"Seagate"
163,"ขาอ่อน",1755288,"Seagate"
164,"Team Melbourne Kyoto Taipei",1754328,"Seagate"
165,"เดินกันคนละ9",1751719,"Seagate"
166,"T2自成一派",1751004,"Seagate"
167,"แก๊งเด็กสมบูรณ์",1748536,"Seagate"
168,"FOF飞鹰战队",1742290,"Seagate"
169,"บัวลอยเพิ่มไข่หวานน้อย",1740232,"Seagate"
170,"มาทำไม",1738448,"Seagate"
171,"步履凌云",1738024,"Seagate"
172,"青春活力",1737413,"Seagate"
173,"咖啡群",1736415,"Seagate"
174,"กินแซ่บ",1735486,"Seagate"
175,"测试团队",1727714,"Seagate"
176,"大家对",1722110,"Seagate"
177,"亿步冲冲",1712403,"Seagate"
178,"ladies run",1710756,"Seagate"
179,"Take is easy💤",1710272,"Seagate"
180,"Wise Monkeys",1709849,"Seagate"
181,"梦想队",1705231,"Seagate"
182,"puinun",1703292,"Seagate"
183,"ก้าวต่อชีวิต",1702147,"Seagate"
184,"Steps for Heart - WUXI QA",1701184,"Seagate"
185,"STST ESG ",1699125,"Seagate"
186,"มารักพี่เอง",1697755,"Seagate"
187,"Hot Shots ",1697393,"Seagate"
188,"กระรอกป่า",1696357,"Seagate"
189,"Bus11",1691754,"Seagate"
190,"Hakuna Matata",1691351,"Seagate"
191,"拼出必赢队",1691127,"Seagate"
192,"YMCA88",1690783,"Seagate"
193,"慢跑不摆烂",1687843,"Seagate"
194,"บังหวาย",1685514,"Seagate"
195,"SSDC EI",1682966,"Seagate"
196,"步数随缘天团",1679866,"Seagate"
197,"Seagate United",1678458,"Seagate"
198,"50TB or bust!!!",1678222,"Seagate"
199,"Soy tee tee",1677243,"Seagate"
200,"八零后小姐姐",1675317,"Seagate"
201,"Shugart Hi 5",1674400,"Seagate"
202,"สมาธิสั้น",1672078,"Seagate"
203,"行者无疆",1669474,"Seagate"
204,"运动研究所🏃🧗",1667605,"Seagate"
205,"สับสะเทือน",1664522,"Seagate"
206,"Carb & Cardio",1664229,"Seagate"
207,"ชาบูทุกวัน",1662929,"Seagate"
208,"Difoxn",1660033,"Seagate"
209,"นักรบแห่งท้องถนน",1658136,"Seagate"
210,"人民当家作组",1655357,"Seagate"
211,"Between a Walk and a Hard Desk",1653879,"Seagate"
212,"FAST10",1653495,"Seagate"
213,"Lazy Group",1652267,"Seagate"
214,"Supergentle",1651568,"Seagate"
215,"Quarks",1650892,"Seagate"
216,"มักย่าง🦵",1640352,"Seagate"
217,"极限五虎将",1639258,"Seagate"
218,"FFL Seagate",1638084,"Seagate"
219,"Happy team",1637319,"Seagate"
220,"จะวิ่งไปหาของว่าง",1636855,"Seagate"
221,"显眼包聚集地",1632837,"Seagate"
222,"T3",1631618,"Seagate"
223,"芹力全开",1631088,"Seagate"
224,"Summit fit&firm",1628210,"Seagate"
225,"นอ นอ ปอ ปอ ญอ",1627892,"Seagate"
226,"Run on 🌻",1625764,"Seagate"
227,"ป๋ากรอบ",1623806,"Seagate"
228,"Good luck 💵",1623688,"Seagate"
229,"ทีมสร้างสรรค์",1623123,"Seagate"
230,"Ctrl+Plan",1622541,"Seagate"
231,"Y-Axis",1622539,"Seagate"
232,"Yong Yong Yed",1622259,"Seagate"
233,"Giggle steps",1617040,"Seagate"
234,"小姊妹冲冲冲（9.7）
",1616575,"Seagate"
235,"Walking on Sunshine",1616396,"Seagate"
236,"Wuxi-IPQE",1615817,"Seagate"
237,"
กาแฟหมูบิน",1615701,"Seagate"
238,"北逐",1614642,"Seagate"
239,"B Shift Hard Drive Hikers ",1614412,"Seagate"
240,"KS Studio",1611983,"Seagate"
241,"WashGreen",1608204,"Seagate"
242,"Run No Limit",1603581,"Seagate"
243,"Fabz 5",1603092,"Seagate"
244,"facilities-C ",1602857,"Seagate"
245,"beyond the badge ",1597921,"Seagate"
246,"爱你老己",1595341,"Seagate"
247,"Popcorn running",1592905,"Seagate"
248,"Happy feet gang🏃🚶🤪",1592245,"Seagate"
249,"หวานเจี๊ยบบ",1591821,"Seagate"
250,"龙之队",1587932,"Seagate"
251,"หมูแดดเดียว",1584299,"Seagate"
252,"BOXRUNNIG",1581587,"Seagate"
253,"Madam Family​ love love",1580348,"Seagate"
254,"One percent Crew 1%",1577210,"Seagate"
255,"CEE - B ม่วนกรุ๊บ",1574690,"Seagate"
256,"โบ๊ะบ๊ะ",1570157,"Seagate"
257,"กาแฟขมนมจืด",1569960,"Seagate"
258,"说走就走",1567573,"Seagate"
259,"STST R&D",1567151,"Seagate"
260,"五人行",1564342,"Seagate"
261,"ก้าวเด้อก้าว",1563824,"Seagate"
262,"Cin Cai",1562540,"Seagate"
263,"อับดุลเอ้ย",1561774,"Seagate"
264,"EnerGo",1559828,"Seagate"
265,"The Control Freaks",1559417,"Seagate"
266,"陌上行",1554924,"Seagate"
267,"Viclovetowalk",1550507,"Seagate"
268,"Guardian Runner",1550134,"Seagate"
269,"QC1",1549985,"Seagate"
270,"เดินจนบวม",1547879,"Seagate"
271,"开心快乐大本营",1544312,"Seagate"
272,"Music",1543477,"Seagate"
273,"SeaMate",1542142,"Seagate"
274,"划水",1541902,"Seagate"
275,"China  Security",1540833,"Seagate"
276,"ย่างถะแมะ",1539947,"Seagate"
277,"MZ4+",1538224,"Seagate"
278,"ชบาแก้ว🐘🐘🦣",1536392,"Seagate"
279,"乘风社",1535145,"Seagate"
280,"W3 Maint",1534320,"Seagate"
281,"WanderWave",1532930,"Seagate"
282,"Winners",1532216,"Seagate"
283,"Frych",1531820,"Seagate"
284,"摆烂也会",1531369,"Seagate"
285,"Step Up Shugart",1530066,"Seagate"
286,"65GMN",1528458,"Seagate"
287,"ชราลิมปิค",1528315,"Seagate"
288,"Dream Makers",1523985,"Seagate"
289,"Fun for All
",1523849,"Seagate"
290,"AMER Sales 💪",1523409,"Seagate"
291,"🏅IPQC ร่างทอง🎖️",1522740,"Seagate"
292,"Chafing the Dream",1520228,"Seagate"
293,"เดินล้านก้าวไปกินชาบูกัน😁",1519219,"Seagate"
294,"อังกอร์🐯🐯🐯",1517698,"Seagate"
295,"ดีเลิศ",1514518,"Seagate"
296,"MHT",1513476,"Seagate"
297,"พรุ้งนี้ค่อยลด",1512075,"Seagate"
298,"ชีพจรรองเท้า🍀❣️",1511212,"Seagate"
299,"说走就走不回头",1510760,"Seagate"
300,"love center ",1509747,"Seagate"
301,"CMT Sweeeee",1507103,"Seagate"
302,"Run 123",1506452,"Seagate"
303,"Proactive Inactives",1504585,"Seagate"
304,"แข็งแรงเกิน",1501828,"Seagate"
305,"漫步乐园",1500115,"Seagate"
306,"🥰ฮานะ🌻🌻",1498075,"Seagate"
307,"คนจะเดิน🚶 ไม่ต้องชวนนอน🛌",1495130,"Seagate"
308,"โกรกกรากทีม",1494291,"Seagate"
309,"TK Sloth Striders 🦥🐾",1493267,"Seagate"
310,"Bambam",1491676,"Seagate"
311,"iTravellers ",1491213,"Seagate"
312,"Point of view 👌 ",1490581,"Seagate"
313,"สวย สวย สวย",1488658,"Seagate"
314,"Byte Walkers",1485900,"Seagate"
315,"Facilities ",1485083,"Seagate"
316,"Platform Pioneers",1484343,"Seagate"
317,"สายเมา",1483304,"Seagate"
318,"🙄",1483093,"Seagate"
319,"Jalan until Shiok",1483076,"Seagate"
320,"Photo Finish",1481731,"Seagate"
321," Silver",1481103,"Seagate"
322,"FDB",1480740,"Seagate"
323,"เก้าบวกก้าว",1480509,"Seagate"
324,"กล้วยหอมจอมซน",1479332,"Seagate"
325,"Packman 999 🐎",1478920,"Seagate"
326,"Boom2ba",1475379,"Seagate"
327,"CQ-Seagate",1473522,"Seagate"
328,"Government Relations 🏃🏼‍♀️",1469779,"Seagate"
329,"APJ Marketing",1468791,"Seagate"
330,"暴走摸鱼小分队",1467297,"Seagate"
331,"𝙇𝙤𝙫𝙚 𝙢𝙚",1464568,"Seagate"
332,"LOL - Late Out LooWing",1463522,"Seagate"
333,"Here come the hot steppers",1460323,"Seagate"
334,"加油站",1460184,"Seagate"
335,"WUXSQE",1458018,"Seagate"
336,"It’s ok",1457024,"Seagate"
337,"Step Slayer",1455716,"Seagate"
338,"拿下这座山",1452643,"Seagate"
339,"ทีมตัวตึงปุ๊กปิ๊ก",1451751,"Seagate"
340,"หล่อลากดิน ถมที่",1449741,"Seagate"
341,"Walkaholic",1445458,"Seagate"
342,"FAClub",1445038,"Seagate"
343,"โซดาน้ำ",1444536,"Seagate"
344,"Girly berry🍓🍓🍓",1442677,"Seagate"
345,"เดินให้โลก",1442149,"Seagate"
346,"RBR",1441571,"Seagate"
347,"อาหวังConvert2🔥",1441078,"Seagate"
348,"สตรีเหล็กสุดเซ็กซี่",1441001,"Seagate"
349,"JBS Langkah menyala 🔥",1438394,"Seagate"
350,"จุ๊บจิ๊บ
",1433291,"Seagate"
351,"ขายาวหลบไปขาสั้นจะเดิน",1432625,"Seagate"
352,"เดินจนท้อ ",1432107,"Seagate"
353,"Run For FUN",1431960,"Seagate"
354,"The Lap Pack",1431738,"Seagate"
355,"The data walkers",1431055,"Seagate"
356,"追风路上",1427901,"Seagate"
357,"ก้าวหน้า",1424322,"Seagate"
358," One day",1423555,"Seagate"
359,"Every Step Forward",1423328,"Seagate"
360,"不卷只动队",1423219,"Seagate"
361,"non wash",1422405,"Seagate"
362,"สลาตัน",1418580,"Seagate"
363,"OdysSea ",1418235,"Seagate"
364,"元气续航队",1416720,"Seagate"
365,"Laser Pacers",1416595,"Seagate"
366,"Wuxi ODT 666",1415446,"Seagate"
367,"荒野猎人",1411538,"Seagate"
368,"The Fab Fitters",1411472,"Seagate"
369,"VAC TOOLSET ",1411240,"Seagate"
370,"Nicknack paddywack",1410322,"Seagate"
371,"miles of smiles ",1409122,"Seagate"
372,"Enjoy 🏃🏃",1408113,"Seagate"
373,"飞毛腿，行万里！",1406434,"Seagate"
374,"时尚小组",1405847,"Seagate"
375,"破晓跑团",1405322,"Seagate"
376,"蹓跶队",1404930,"Seagate"
377,"lucky 7A",1404848,"Seagate"
378,"ก้าวทำไม",1402270,"Seagate"
379,"วิ่งไปดื่ม",1402098,"Seagate"
380,"Sweat Squad",1396906,"Seagate"
381,"Exerciseสายซิ่ง",1396863,"Seagate"
382,"เด็กอ้วง",1396158,"Seagate"
383,"All About That Yield",1394799,"Seagate"
384,"เดินเล่นในไร่ hay day",1391337,"Seagate"
385,"ปลาซิวปลาสร้อย",1390138,"Seagate"
386,"4x4 บีทาเก้น",1388500,"Seagate"
387,"仙女派",1387401,"Seagate"
388,"Team  IPQC Qaulity",1384987,"Seagate"
389,"พุงน้อย",1384910,"Seagate"
390,"🥰เดินช้าแต่เดินนะ🫰",1383726,"Seagate"
391,"เดินเลาะ",1382981,"Seagate"
392,"แรงน้อยแต่เดินนะ",1382206,"Seagate"
393,"นิ่งเป็นหลับ ขยับเป็นเดิน",1381192,"Seagate"
394,"W3 test maintenance ",1381034,"Seagate"
395,"ก้าวไปพร้อมๆกัน🚶‍♀️🚶‍♀️",1379827,"Seagate"
396,"fulltime",1379523,"Seagate"
397,"🇹🇭Finance_09",1379448,"Seagate"
398,"flower love",1374991,"Seagate"
399,"Fish gate",1373990,"Seagate"
400,"ย้ายไปเรื่อย",1373702,"Seagate"
401,"开拓者",1372706,"Seagate"
402,"Bat Team",1370772,"Seagate"
403,"เดินจนเข่าเสื่อม
",1369403,"Seagate"
404,"junjun",1368780,"Seagate"
405,"青春无敌",1366861,"Seagate"
406,"สาดเข้าไป!",1364798,"Seagate"
407,"cpt gan and the people ",1364563,"Seagate"
408,"运动小精灵",1364253,"Seagate"
409,"431✓456✓",1363061,"Seagate"
410,"美少女队",1362348,"Seagate"
411,"step1",1361648,"Seagate"
412,"跨步",1359925,"Seagate"
413,"แข่งกันนอน",1358217,"Seagate"
414,"Run & Fun🏃🏃‍♀️",1357843,"Seagate"
415,"Run to Infinity",1357759,"Seagate"
416,"ทำทำไม🫯💥",1354234,"Seagate"
417,"ชื่อไรนะ",1350315,"Seagate"
418,"GMN42 eiei",1348137,"Seagate"
419,"หนีห่าวเหล่ากง ",1346553,"Seagate"
420,"SQE Power Ranger1",1345856,"Seagate"
421,"MESC_SHG168",1345853,"Seagate"
422,"วัยรุ่นเดินเอาก้าว",1345693,"Seagate"
423,"1เดียว",1344133,"Seagate"
424,"逍遥派",1342165,"Seagate"
425,"springtown stompers
",1341444,"Seagate"
426,"D-shift managers",1340485,"Seagate"
427,"OPEX多模态暴走团",1340090,"Seagate"
428,"Seagate ANZ",1339789,"Seagate"
429,"Challengers ",1338673,"Seagate"
430,"พาเพลิน

",1336766,"Seagate"
431,"can walk can already",1336232,"Seagate"
432,"Dinner Kaki",1334129,"Seagate"
433,"Chinjang ",1333974,"Seagate"
434,"Corp FPA 1",1333834,"Seagate"
435,"清风静享",1333321,"Seagate"
436,"เดินงง",1332891,"Seagate"
437,"จั๊กเด่ะ",1332584,"Seagate"
438,"มะนาวหวาน",1332343,"Seagate"
439,"苗苗团队",1329982,"Seagate"
440,"Speed demons",1328203,"Seagate"
441,"Game of Soles",1326016,"Seagate"
442,"Walking the Line Yield",1325348,"Seagate"
443,"สวยสะพรึง",1324903,"Seagate"
444,"Slothletes",1324457,"Seagate"
445,"Buffering Runners🥹",1321796,"Seagate"
446,"摸鱼",1321030,"Seagate"
447,"That’s right ",1319932,"Seagate"
448,"五朵花🌸",1316499,"Seagate"
449,"The Ministry of Silly Walks",1313867,"Seagate"
450,"飞越队",1312733,"Seagate"
451,"วิ่งกัน",1312618,"Seagate"
452,"Team Japan Sales2",1312340,"Seagate"
453,"ทีมวัยรุ่น",1312033,"Seagate"
454,"SkyWalk Tokyo",1311094,"Seagate"
455,"สว.นะจ๊ะ",1310698,"Seagate"
456,"赤足漫游",1307722,"Seagate"
457,"ไม่วิ่งแต่กลิ้งเอา",1307531,"Seagate"
458,"步步为赢",1307237,"Seagate"
459,"Walkie Talkies STST",1305800,"Seagate"
460,"STEP RISE UP ",1305632,"Seagate"
461,"ฟ้าวแล่น",1305406,"Seagate"
462,"The moonwalkers",1304019,"Seagate"
463,"ความสุข",1303636,"Seagate"
464,"ฮ่มลำใย",1303042,"Seagate"
465,"เด็กคลีน",1302631,"Seagate"
466,"Insight Engines",1302469,"Seagate"
467,"One Stride !",1301209,"Seagate"
468,"วิ่งสิครับ",1300942,"Seagate"
469,"รวมทีม premierleague",1300712,"Seagate"
470,"CoherentMinds",1299669,"Seagate"
471,"Camping team",1299234,"Seagate"
472,"เดินละเวิ่ก🤟",1296170,"Seagate"
473,"Just_Do_Nothing",1295791,"Seagate"
474,"JBS Polish X",1295475,"Seagate"
475,"Run Run",1295215,"Seagate"
476,"ก้าวเดินไปด้วยกัน",1294840,"Seagate"
477,"ต้วมเตี้ยม 🦉🐷🐶🐦‍⬛🐔",1293520,"Seagate"
478,"สตรอง",1293097,"Seagate"
479,"随风奔跑",1292557,"Seagate"
480,"Kongjame taelookchin tepenkongchun",1292345,"Seagate"
481,"Walking🏃🏻‍♀️🏃🏻 ",1291509,"Seagate"
482,"วิ่งสู้ฟัด😀",1290203,"Seagate"
483,"Megnetic",1288766,"Seagate"
484,"CAD ROOM",1288286,"Seagate"
485,"TaoFlow 道法自然",1287893,"Seagate"
486,"Piglet 🐷",1287575,"Seagate"
487,"Bare Minimum ",1287198,"Seagate"
488,"千里马",1286411,"Seagate"
489,"吃喝玩乐",1283604,"Seagate"
490,"Keme Korat",1283277,"Seagate"
491,"FAC-BG",1282365,"Seagate"
492,"Fun walk",1281733,"Seagate"
493,"SMB - SGW",1279721,"Seagate"
494,"Walking team",1279669,"Seagate"
495,"Shop Indy",1279568,"Seagate"
496,"姐姐妹妹向前冲",1279532,"Seagate"
497,"Robin Pace",1279456,"Seagate"
498,"สาวลำซิ่ง",1278899,"Seagate"
499,"Yaibong พาลุย",1277094,"Seagate"
500,"Pokemon",1275899,"Seagate"
500,"Europe Rev Ops",1275899,"Seagate"
502,"Better You",1274588,"Seagate"
503,"LCA team3",1274437,"Seagate"
504,"แมวน้อย",1274038,"Seagate"
505,"SGpokewalk",1271535,"Seagate"
506,"WWTP JBS",1269494,"Seagate"
507,"วันละก้าว

",1269129,"Seagate"
508,"walkwalkwalk",1267766,"Seagate"
509,"The G.O.A.T",1267717,"Seagate"
510,"ทีมใจฟู",1267639,"Seagate"
511,"Yes",1266918,"Seagate"
512,"เดินกับหมง",1266776,"Seagate"
513,"Super Chickens 🐔",1265735,"Seagate"
514,"ยกแก้ว",1264811,"Seagate"
515,"🐈Hunter🐶",1264120,"Seagate"
516,"Jogging Club2",1263988,"Seagate"
517,"เริ่ดๆเลยล่ะ",1262690,"Seagate"
518,"Culture & Community",1262310,"Seagate"
519,"Steady",1261542,"Seagate"
520,"GCDO on the Go",1258787,"Seagate"
521,"ทุกก้าวมีความหมาย",1258656,"Seagate"
522,"Singapore SpEDE",1257794,"Seagate"
523,"Dynamo",1256290,"Seagate"
524,"Too Fast for AI",1254722,"Seagate"
525,"9จิงไม่9ทิพย์",1254190,"Seagate"
526,"ChiChi",1253909,"Seagate"
527,"Skibidi healthy",1252932,"Seagate"
528,"5ตัว100",1252820,"Seagate"
529,"ป๊อก9สองเด้ง",1250857,"Seagate"
530,"We number1",1250710,"Seagate"
531,"สเต็ปเทพ🏃",1249206,"Seagate"
532,"😻😻หญิงแกร่ง",1249055,"Seagate"
533,"小确幸",1248923,"Seagate"
534,"เต่าติดเทอร์โบ",1247191,"Seagate"
535,"อดีตชอบนอน",1246828,"Seagate"
536,"Fremont Lunch Bunch",1246469,"Seagate"
537,"T MRB",1244724,"Seagate"
538,"FAC-Operate-A",1244262,"Seagate"
539,"Walk To Win",1243666,"Seagate"
540,"คนละก้าววว",1240695,"Seagate"
541,"ก้าวละมุน",1237559,"Seagate"
542,"美女团",1236846,"Seagate"
543,"TK HSA PE1",1235937,"Seagate"
544,"อีลีทvsอีหลี",1235543,"Seagate"
545,"กาแฟส้ม",1235363,"Seagate"
546,"Mana² Boleh 🤗🤗",1234497,"Seagate"
547,"Adventure",1234418,"Seagate"
548,"Labuboo",1234073,"Seagate"
549,"Fit Check✨💗",1233813,"Seagate"
550,"#ท้าย CWO",1232226,"Seagate"
551,"C shift Fitness group",1231604,"Seagate"
552,"กลุ่มคนหน้าตาดี",1231388,"Seagate"
553,"เดินไปไหนหละ
",1230620,"Seagate"
554,"SG",1228883,"Seagate"
555,"Spider Man",1228166,"Seagate"
556,"Run Nonstop",1226719,"Seagate"
557,"สาระไม่ใช่สาหร่าย",1226609,"Seagate"
558,"นกน้อย",1226462,"Seagate"
559,"นิดหน่อย",1225280,"Seagate"
560,"The Talent Hunters (EMEA)",1224632,"Seagate"
561,"健康平安",1223560,"Seagate"
562,"Cartoon",1223391,"Seagate"
563,"TH DBA",1223313,"Seagate"
564,"ก้าวเพื่อน้อง",1222397,"Seagate"
565,"Happy too",1222262,"Seagate"
566,"STX 🚀🚀🚀📈📈📈",1221920,"Seagate"
567,"แมวแมว",1221115,"Seagate"
568,"🍨 ",1220993,"Seagate"
569,"แมวเป้า",1220570,"Seagate"
570,"เรื่อยเปื่อย
",1219961,"Seagate"
571,"ฉันละเพลีย",1219537,"Seagate"
572,"So Cute",1219522,"Seagate"
573,"Demanding Miles",1219253,"Seagate"
574,"IE - Industrially Exhausted",1218836,"Seagate"
575,"Project Zero Fat",1217607,"Seagate"
576,"PP ทีม C",1216769,"Seagate"
577,"เดินเอาสังคม",1216717,"Seagate"
578,"วิ่งเพื่อ H=💝",1215470,"Seagate"
579,"Fobosa",1215396,"Seagate"
580,"發發",1214805,"Seagate"
581,"逆风飞扬",1213872,"Seagate"
582,"แม่ป้าพาไป",1213788,"Seagate"
583,"瘦瘦特攻队",1212323,"Seagate"
584,"Burn Calories!",1212095,"Seagate"
585,"มิตรภาพ",1211635,"Seagate"
586,"มัทฉะ_ลาเต้🧋",1211310,"Seagate"
587,"ทีมงานอนอัว😆",1211237,"Seagate"
588,"ramen bhaa",1211030,"Seagate"
589,"เย็นนี้ปะล่ะ",1209580,"Seagate"
590,"Runningวิ่งจ๊วด",1209150,"Seagate"
591,"เดินเพื่อสุขภาพ Walking for health ",1209004,"Seagate"
592,"coffee",1208596,"Seagate"
593,"ฅ.คึกคัก",1208410,"Seagate"
594,"CTRL-ALT-DEFEET",1207291,"Seagate"
595,"รวมมิตร",1206755,"Seagate"
596,"NWBKV",1206457,"Seagate"
597,"Bigbig",1206090,"Seagate"
598,"WalkIEs",1206051,"Seagate"
599,"เลอะเทอะ By.เละเทะ",1204803,"Seagate"
600,"กินนอนวันละก้าว",1204643,"Seagate"
601,"Pack C",1204465,"Seagate"
602,"i love jumping 🏃‍♀️💨",1204423,"Seagate"
603,"Run to the jails",1204384,"Seagate"
604,"งานก็ต้องทำ กิจกรรมก็ต้องร่วม🚑🏁",1201566,"Seagate"
605,"VS-TK",1201292,"Seagate"
606,"เดินไปหลับไป",1199966,"Seagate"
607,"FPA精英队",1199959,"Seagate"
608,"คนขายแรง",1198172,"Seagate"
609,"Intern",1197581,"Seagate"
610,"ขยับ=สุข",1196456,"Seagate"
611,"Dead Mice Running",1195967,"Seagate"
612,"Dreamwalkers",1195292,"Seagate"
613,"Horizon",1194984,"Seagate"
614,"MDW",1194969,"Seagate"
615,"AI club",1194327,"Seagate"
616,"Sai chill",1193882,"Seagate"
617,"Wellness-สุขภาพดี",1193849,"Seagate"
618,"锐意进取",1193669,"Seagate"
619,"step up your game",1193597,"Seagate"
620,"สู้สู้",1190020,"Seagate"
621,"🔥ทีมนี้ไม่มีคนปกติ 
",1188190,"Seagate"
622,"พลอยสวย",1186737,"Seagate"
623,"🌻",1185941,"Seagate"
624,"Pig pig 🐽",1185361,"Seagate"
625,"Beginners luck",1184696,"Seagate"
626,"小趴菜",1183768,"Seagate"
627,"步行万里",1183060,"Seagate"
628,"Step runners",1182374,"Seagate"
629,"Cozysleepy",1182129,"Seagate"
630,"พี่ก็อยู่เฉยๆของพี่(*_*)
",1181637,"Seagate"
631,"奔跑",1180087,"Seagate"
632,"Bear Sleep Eat🐻🍔",1180083,"Seagate"
633,"短发妹妹",1179768,"Seagate"
634,"步步生风队",1178846,"Seagate"
635," Runnnnn99",1178793,"Seagate"
636,"Let’s Jalan Jalan",1177761,"Seagate"
637,"Lion king",1177259,"Seagate"
638,"introvert🏃‍♂️",1177175,"Seagate"
639,"สวยสุด",1177085,"Seagate"
640,"ก้าววันละนิด ขยับวันละหน่อย",1176752,"Seagate"
641,"มดตะนอยซ่า

",1176529,"Seagate"
642,"DORAMEFASOL",1176483,"Seagate"
643,"น้องโม่น่ารัก",1176262,"Seagate"
644,"me and you🏃🏻‍♀️",1175877,"Seagate"
645,"วิ่งไหนกันบอกด้วย✌️",1175380,"Seagate"
646,"เดินไปหลง หลงพาเดิน",1174870,"Seagate"
647,"วัยรุ่นปวดหลัง✌️",1174289,"Seagate"
648,"มา3อย่าถาม4",1174185,"Seagate"
649,"เหมือนเดิม",1173639,"Seagate"
650,"Mismatch ",1173564,"Seagate"
651,"TXDGR",1173304,"Seagate"
652,"Noir 🍀",1172818,"Seagate"
653,"เท้าไฟ",1171614,"Seagate"
654,"ไปด้วยใจ",1171307,"Seagate"
655,"
Awh Aye Ano Muckers",1170566,"Seagate"
656,"ข้าวมันไก่",1170487,"Seagate"
657,"เมื่อยๆ",1170087,"Seagate"
658,"ไม่ยากๆ",1170081,"Seagate"
659,"ล่าหยก",1169782,"Seagate"
660,"Number One ✌️✌️✌️",1169691,"Seagate"
661,"ซาลาเปาขาว",1169586,"Seagate"
662,"ตะวันลับฟ้า",1169385,"Seagate"
663,"9forเอวS",1167943,"Seagate"
664,"น้อยโนเนะ🤪",1167378,"Seagate"
665,"เดินสวย🥰",1166427,"Seagate"
666,"หอบแล้วจร้า",1165893,"Seagate"
667,"ZOH",1164097,"Seagate"
668,"Calibrated Stride",1163967,"Seagate"
669,"Ray Broke It",1163224,"Seagate"
670,"FAC ULTRA พาเพลิน",1163198,"Seagate"
671,"冲冲冲",1163138,"Seagate"
672,"Just one Cornetto ",1162726,"Seagate"
673,"หวาน100%",1162627,"Seagate"
674,"Snail Speed 🐌",1162506,"Seagate"
675,"คนสวย healthy ",1162386,"Seagate"
676,"kopilim",1162104,"Seagate"
677,"Training wingsab ",1160979,"Seagate"
678," คอฟฟี่
",1160394,"Seagate"
679,"PDD team",1158824,"Seagate"
680,"ปอดแหก",1158282,"Seagate"
681,"CCC C-YA!",1157703,"Seagate"
682,"คนละครึ่ง",1156156,"Seagate"
683,"ปานามา",1155614,"Seagate"
684,"ตามล่าไอ้ต้าวหมาเด็ก",1155176,"Seagate"
685,"Team Moe Lwin",1154984,"Seagate"
686,"可爱多多",1154509,"Seagate"
687,"SG Security",1154466,"Seagate"
688,"Couch Escapees",1153767,"Seagate"
689,"美女队",1153667,"Seagate"
690,"เดินทำงาน",1153379,"Seagate"
691,"เนเน่",1153375,"Seagate"
692,"กำลังไป",1153180,"Seagate"
693,"Seagate old folks",1151387,"Seagate"
694,"Running2",1150699,"Seagate"
695,"Thabthim",1150324,"Seagate"
696,"ผอมแน่...ชาตินี้",1148699,"Seagate"
697,"Fighting ✌🏻✌🏻",1148690,"Seagate"
698,"Tom yam and teppanyaki's ",1147601,"Seagate"
699,"We 🥱",1147305,"Seagate"
700,"สุขเก้า",1146671,"Seagate"
701,"เดินเอาบุญ",1145832,"Seagate"
702,"Run for work",1144952,"Seagate"
703,"Ping&Friends🥹",1144576,"Seagate"
704,"เดินซอดแจ้ง",1143365,"Seagate"
705,"😄",1143143,"Seagate"
706,"ทีม สุขภาพดี",1142786,"Seagate"
707,"Paris Promeneurs",1142434,"Seagate"
708,"The White Walkers",1142278,"Seagate"
709,"วิ่งด้วยกัน55",1142174,"Seagate"
710,"步同凡响",1141837,"Seagate"
711,"Helium",1140743,"Seagate"
712,"คนสวยคนสวย",1139817,"Seagate"
713,"MFG run",1139805,"Seagate"
714,"หิว 🤤🤤",1139790,"Seagate"
715,"Lab Ratz",1139560,"Seagate"
716,"3roses ",1139251,"Seagate"
717,"V วี่",1138552,"Seagate"
718," GMN หวานเจี๊ยบ",1138427,"Seagate"
719,"วัยรุ่นปวดขา",1138362,"Seagate"
720,"Sunny ",1137665,"Seagate"
721,"Win win",1137448,"Seagate"
722,"Happy",1135967,"Seagate"
723,"走着瞧",1135528,"Seagate"
724,"Foyle Speed Ahead 🌊",1134694,"Seagate"
725,"Dicing",1134327,"Seagate"
726,"Step by lnw RS",1134267,"Seagate"
727,"pwa b6/2",1134005,"Seagate"
728,"วิ่งดิเอ๋",1133025,"Seagate"
729,"ก้าวอนาคต",1132778,"Seagate"
730,"Healthy gogogo",1132209,"Seagate"
731,"คิดว่าคงทำได้แหละ",1131919,"Seagate"
732,"Happy Hearts ❤️💪",1131602,"Seagate"
733,"Yaris Ativ 2021",1131513,"Seagate"
734,"TSE walking",1130906,"Seagate"
735,"เป็ดสีชมพู",1130114,"Seagate"
736,"ชีวิตใหม่",1130015,"Seagate"
737,"Europe pricing",1129576,"Seagate"
738,"🐰 กาตุ่ย",1129011,"Seagate"
739,"快乐续航团",1128857,"Seagate"
740,"ก้าว ก้าว ก้าว",1128544,"Seagate"
741,"ชอบเดิน(คุย)",1128468,"Seagate"
742,"Clean to win challenge ",1128177,"Seagate"
743,"TEAM STAR",1127515,"Seagate"
744,"อย่ามาขิง",1126941,"Seagate"
745,"HappyRunning",1126548,"Seagate"
746,"Power girl ",1126343,"Seagate"
747,"绿色生活",1124743,"Seagate"
748,"โก๊ะๆ",1124540,"Seagate"
749,"Coffee day",1124062,"Seagate"
750,"Felix",1122519,"Seagate"
751,"ZABU-MOOTA",1121594,"Seagate"
752,"วัยรุ่นยุค 90",1120274,"Seagate"
753,"กะซาง",1119958,"Seagate"
754,"Mooncake",1119886,"Seagate"
755,"ก้าวให้สุด",1119713,"Seagate"
756,"D Team MDW MAINT",1118946,"Seagate"
757,"หวานใจ",1117534,"Seagate"
758,"เดินไปเดินไป",1117428,"Seagate"
759,"GQ US",1117177,"Seagate"
760,"Hard Disk Divas",1116891,"Seagate"
761,"เจ็บขา แต่หัวหน้าสั่ง🥴",1116685,"Seagate"
762,"สาวไทบ้าน",1116618,"Seagate"
763,"วันวาน",1116144,"Seagate"
764,"ลูกกระจ๊อก🫡",1115472,"Seagate"
765,"UFC RUNNING ",1115269,"Seagate"
766,"Fantasy 2026",1114976,"Seagate"
767,"หิวหมูกระทะ!",1114895,"Seagate"
768,"North Express",1114793,"Seagate"
769,"อนอัวทีม",1114333,"Seagate"
770,"SLOTHS 🦥 ",1113914,"Seagate"
771,"longmont lunch buddies",1113449,"Seagate"
772," Warning Machine hazard Korat ",1112824,"Seagate"
773,"MixNaJa",1112719,"Seagate"
774,"เถาเก้า",1112495,"Seagate"
775,"ก้าวเล็กๆที่ยิ่งใหญ่",1112092,"Seagate"
776,"Man~u~al",1111874,"Seagate"
777,"กิ๊กกิ้ววว",1110657,"Seagate"
778,"นำหวานCR",1110309,"Seagate"
779,"Billion Brilliant!",1110160,"Seagate"
780,"Even Kooler Cloud",1110110,"Seagate"
781,"วิ่งหนี Deadline",1109371,"Seagate"
782,"สาดไปสมาชิก!",1108907,"Seagate"
783,"Running",1108612,"Seagate"
784,"Run The Gold",1108118,"Seagate"
785,"kakro",1108116,"Seagate"
786,"money money come ",1108051,"Seagate"
787,"🚶เดินให้สุข สนุกกับทุกก้าว✌️",1107839,"Seagate"
788,"กระท้อนหวาน",1107773,"Seagate"
789,"สู้ใจขาด",1107677,"Seagate"
790,"cat cat",1107580,"Seagate"
791,"แมวเหมียว",1107006,"Seagate"
792,"Flintstones 
",1105785,"Seagate"
793,"เดินไปกินไป",1105497,"Seagate"
794,"หวาน หวาน",1104257,"Seagate"
795,"คนละก้าว👫🏼",1104149,"Seagate"
796,"🐻",1104012,"Seagate"
797,"เดินบ่ไหวแล้วหัวหน้า",1103972,"Seagate"
798,"หนอนน้อย",1103822,"Seagate"
799,"ร่วมแรงร่วมใจ♥️",1103818,"Seagate"
800,"Cache Me If You Can?",1102812,"Seagate"
801,"PSG",1102454,"Seagate"
802,"Power of Kindness",1102027,"Seagate"
803,"ธรรมะกระตุกจิตกระชากใจ",1101926,"Seagate"
804,"Team Japan Sales",1101265,"Seagate"
805,"CFL (Carts for Life)",1100619,"Seagate"
806,"BE DUCKS",1100602,"Seagate"
807,"แก๊งลูกหมู🐷🐷🐷",1100387,"Seagate"
808,"3M",1100383,"Seagate"
809,"เดินกันจ้า🫡",1100374,"Seagate"
810,"บ้าบอแบด",1099934,"Seagate"
811,"วิ่งแบบพี่ตูนดิว่ะ 💪🏻",1099403,"Seagate"
812,"Dream Walkers",1098030,"Seagate"
813,"Side by Side",1097725,"Seagate"
814,"สวยแซ่บ",1097678,"Seagate"
815,"AQ ขาโป",1097500,"Seagate"
816,"Gemini103",1097376,"Seagate"
817,"ย่องเบา",1097354,"Seagate"
818,"วิ่งตามเพื่อน",1096942,"Seagate"
819,"มู๋ทะ",1096581,"Seagate"
820,"Hong Kong hikers",1096228,"Seagate"
821,"SwEg&Pd",1095985,"Seagate"
822,"เดินไปไหน",1095661,"Seagate"
823,"🇹🇭 Dandelion 🌼",1092746,"Seagate"
824,"Old Lion",1091489,"Seagate"
825,"Steptember challenge",1091330,"Seagate"
826,"Step into Rewards",1091274,"Seagate"
827,"Lazy2Fit",1090978,"Seagate"
828,"Honey",1090515,"Seagate"
829,"Repair smart one",1090311,"Seagate"
830,"เดินแซวสาว",1090097,"Seagate"
831,"CETT-SHK",1089964,"Seagate"
832,"อย่ามายากนำ",1089280,"Seagate"
833,"The X Allied",1088315,"Seagate"
834,"อยู่ไม่ไหวแล้ว
",1088295,"Seagate"
835,"JUST DO IT",1088283,"Seagate"
836,"เบาหวานทีม",1087815,"Seagate"
837,"DoDo SuSu✌️✌️",1087352,"Seagate"
838,"Slow but Steady",1087150,"Seagate"
839,"ขี้กะกือ🪵🍂",1086733,"Seagate"
840,"Gym Boys",1086212,"Seagate"
841,"China channel-北区小分队",1086075,"Seagate"
842,"Run Run Run",1085002,"Seagate"
843,"เดินวิ่งเพื่อสุขภาพ",1084391,"Seagate"
844,"เดี่ยวก็เฟี้ยวได้",1084371,"Seagate"
845,"Apple kik",1084310,"Seagate"
846,"Working10
",1083937,"Seagate"
847,"Photo A Team",1083710,"Seagate"
848,"ซูชิ
",1082929,"Seagate"
849,"ใส้เดือนแดดเดียว",1082574,"Seagate"
850,"บ้านหมุน",1079667,"Seagate"
851,"ชิวๆๆ",1079289,"Seagate"
852,"Step Patrol",1079062,"Seagate"
853,"可爱猫猫",1078935,"Seagate"
854,"งานเดิน",1078529,"Seagate"
855,"快活帮",1078396,"Seagate"
856,"คอก8.2",1077977,"Seagate"
857,"懒羊羊，嗮太阳",1077726,"Seagate"
858,"Lazy Runners ",1076750,"Seagate"
859,"RUBY",1076727,"Seagate"
860,"Byte Force",1076392,"Seagate"
861,"运输大队",1076337,"Seagate"
862,"EDE：Eagles",1076246,"Seagate"
863,"ยีราฟแคระ",1075915,"Seagate"
864,"RMO modeling",1075910,"Seagate"
865,"บราวนี่",1075817,"Seagate"
866,"快乐队",1075462,"Seagate"
867,"รอย่นFamily",1075340,"Seagate"
868,"Avengers",1075053,"Seagate"
869,"เข่าเสื่อม",1074793,"Seagate"
870,"跳起来",1074363,"Seagate"
871,"Dicing (drinkทุกวัน)",1074279,"Seagate"
872,"ก้าว999",1074090,"Seagate"
873,"JZ Team",1073683,"Seagate"
874,"🇹🇭Finance_02",1073374,"Seagate"
875,"pizza ",1073313,"Seagate"
876,"#TeamOfFriends",1073100,"Seagate"
877,"มินิ รัน",1072178,"Seagate"
878,"เดินทำไม?",1071669,"Seagate"
879,"ความสุขของเรา",1071241,"Seagate"
880,"ดีต่อใจ",1071200,"Seagate"
881,"The Wafer Walkers",1070590,"Seagate"
882,"CETT-SHK-WalkEEs",1070578,"Seagate"
883,"เดินไปเรื่อย 🚶‍♀️🚶‍♀️",1070560,"Seagate"
884,"The Angel Club",1070306,"Seagate"
885,"Fit ไว้ก่อน🏃‍♀️",1069693,"Seagate"
886,"随性",1069535,"Seagate"
887,"นารูโตะ",1069475,"Seagate"
888,"สตอเบอรี่",1069146,"Seagate"
889,"ARALE",1069056,"Seagate"
890,"classy 😺 
",1068779,"Seagate"
891,"Urgent Meeting",1068635,"Seagate"
892,"หมูอ้วนฉึกๆ",1068260,"Seagate"
893,"Filing on all cylinders",1068047,"Seagate"
894,"Step to Start ",1067920,"Seagate"
895,"I wanna sleep 🛼",1067849,"Seagate"
896,"Ti",1067715,"Seagate"
897,"Summer Cloud",1067256,"Seagate"
898,"Love Love",1067246,"Seagate"
899,"สามล้อถีบ",1066814,"Seagate"
900,"Poseidon👑",1065402,"Seagate"
901,"Little Piggy Learning to Walk🐷",1065279,"Seagate"
902,"เดินแบบสับสับ สับสน",1065064,"Seagate"
903,"Pizza",1064995,"Seagate"
904,"PC",1064786,"Seagate"
905,"นักวิ่งสายชิว",1063390,"Seagate"
906,"Seagate Baguette",1063300,"Seagate"
907,"
sport",1063282,"Seagate"
908,"Sunflower run",1062020,"Seagate"
909,"Neena",1060906,"Seagate"
910,"开心5人组",1060872,"Seagate"
911,"ก้าวเพื่อสุขภาพ🤍",1060849,"Seagate"
912,"jackpot",1060848,"Seagate"
913,"คนละก้าวสองก้าว",1060374,"Seagate"
914,"TW AM",1060145,"Seagate"
915,"温澜如玉",1059766,"Seagate"
916,"แลนกิน",1059535,"Seagate"
917,"ขาสั้น ขยันซอย",1059481,"Seagate"
918,"สมองไหล🫠",1058354,"Seagate"
919,"Silly Squad",1058118,"Seagate"
920,"เราจะผอมไปด้วยกัน",1058065,"Seagate"
921,"X Syndicate",1057620,"Seagate"
922,"ช็อคโก้แลต",1057497,"Seagate"
923,"步想上班",1057242,"Seagate"
924,"暴汗联盟",1056701,"Seagate"
925,"อึ่งอ่าง",1056676,"Seagate"
926,"Be Happy",1056560,"Seagate"
927,"รวมก้าว",1056262,"Seagate"
928,"วิ่งยังไงให้อ้วน",1056054,"Seagate"
929,"RanDer",1056033,"Seagate"
930,"趴窝队",1056029,"Seagate"
931,"Suki teenoi🐷",1055249,"Seagate"
932,"หมูบินCC",1055050,"Seagate"
933,"วัยรุ่นห้องซัก",1054979,"Seagate"
934,"We're 
Health-Conscious ",1054624,"Seagate"
935,"✌️✌️",1054428,"Seagate"
936,"ก้าวใจ",1053410,"Seagate"
937,"Jidan",1053381,"Seagate"
938,"ทอดน่อง(เดิน)",1053047,"Seagate"
939,"คิดได้แล้ว",1053044,"Seagate"
940,"Witsawakon",1052616,"Seagate"
941,"หวังเฉา หม่าฮั่น จางหลง เจาหู่",1052258,"Seagate"
942,"มือสังหาร🔪",1052131,"Seagate"
943,"คาปิบารา🍀🏞",1051466,"Seagate"
944,"นักปั่น🫣",1051103,"Seagate"
945,"นางฟ้าไร้ปีก

",1050375,"Seagate"
946,"Baby Blue 🩵",1050269,"Seagate"
947,"วัยรุ่นสับโดด",1050234,"Seagate"
948,"เดินทั้งวันแล้วไง",1050099,"Seagate"
949,"无所谓",1050030,"Seagate"
950,"น้ำลายทั้งนั้น",1049996,"Seagate"
951,"Moving Forward",1049594,"Seagate"
952,"Team HPE - Hunt Prospect Expand",1049444,"Seagate"
953,"เดิน Chill",1049331,"Seagate"
954,"GIS Man",1049080,"Seagate"
955,"Win win win",1048954,"Seagate"
956,"วัยรุ่นหลักสี่",1048880,"Seagate"
957,"บินต่ำ..จัง",1048767,"Seagate"
958,"Hvla🚶‍♀️🚶‍♀️🚶",1048576,"Seagate"
959,"เดินๆวิ่งๆ",1048303,"Seagate"
960,"LongDee' ",1047656,"Seagate"
961,"40+",1046926,"Seagate"
962,"你跑不过我你信吗",1046789,"Seagate"
963,"阳光",1046543,"Seagate"
964,"ย่างบ่ไหวละ",1046225,"Seagate"
965,"ปลาวาฬ",1046130,"Seagate"
966,"คนอ้วนชวนกันเดิน❤️",1046122,"Seagate"
967,"ซีเกทพลัส",1046067,"Seagate"
968,"Avenger",1045998,"Seagate"
969,"เดินวิ่งกระชับมิตร",1045145,"Seagate"
970,"蜗牛队",1045028,"Seagate"
971,"The Walkers ",1044252,"Seagate"
972,"🐎มืด✌🏻✌🏻",1043977,"Seagate"
973,"Logistics ติดตลก",1043916,"Seagate"
974,"ก้าวให้สุดหยุดที่คุย",1043024,"Seagate"
975,"สวย(ไม่)เสมอ",1042951,"Seagate"
976,"จักอะไร",1042799,"Seagate"
977,"The Fit Force ",1042385,"Seagate"
978,"Freestyle ",1042280,"Seagate"
979,"ลิลลี่❤️🤘🤘",1042149,"Seagate"
980,"SG VP’s",1041886,"Seagate"
981,"Vivo",1041765,"Seagate"
982,"จ่าพาลุย",1041103,"Seagate"
983,"20ดอก",1040595,"Seagate"
984,"Relentless Echo",1040572,"Seagate"
985,"ทำงานแบบสับ(สับสน)",1040506,"Seagate"
986,"นางฟ้าขาสั้น",1040058,"Seagate"
987,"เดินทำไม",1039312,"Seagate"
988,"Love cat🐱💛",1039236,"Seagate"
989,"Determined",1038920,"Seagate"
990,"🐶🐶🐶",1038458,"Seagate"
991,"ออกกำลังกายเพื่อสุขภาพที่ดี",1038212,"Seagate"
992,"สวยสวย",1037247,"Seagate"
993,"ติ๊ดชึ่ง",1037218,"Seagate"
994,"暴走小分队",1037161,"Seagate"
995,"ปีศาจความไว",1036873,"Seagate"
996,"GO150K",1035596,"Seagate"
997,"Dollar$ & Delusions",1035277,"Seagate"
998,"เตาะแตะต้วมเตี้ยม",1034559,"Seagate"
999,"Walk&Win",1034550,"Seagate"
1000,"躺躺队",1034236,"Seagate"
1001,"ทรงอวนอัว
",1032726,"Seagate"
1002,"สีทอง😻😻✌️✌️",1032348,"Seagate"
1003,"Peanuts",1032157,"Seagate"
1004,"BT",1032139,"Seagate"
1005,"อ้วน อ้วน",1031378,"Seagate"
1006,"TK HSA QC ",1030137,"Seagate"
1007,"Moose On The Move",1030071,"Seagate"
1008,"เพื่อหมวก",1029869,"Seagate"
1009,"Juno_SIE",1028870,"Seagate"
1010,"Sweet",1028630,"Seagate"
1011,"THE AVENGERS",1028292,"Seagate"
1012,"มอคค่าเตงเบ๊บบ ❤️🤪",1028108,"Seagate"
1013,"เดินเดินทาง",1028062,"Seagate"
1014,"แลนหันๆ🏃‍♀️",1027813,"Seagate"
1015,"希捷中国保安队",1027408,"Seagate"
1016,"เดินเรื่อยๆเหนื่อยก็พัก🏃‍♀️",1026706,"Seagate"
1017,"Taobin🐢🐢",1026647,"Seagate"
1018,"Test-Heavy weight ",1026560,"Seagate"
1019,"Server",1026534,"Seagate"
1020,"แสนห้า ",1026411,"Seagate"
1021,"beautiful",1025793,"Seagate"
1022,"แมวเซา
",1025675,"Seagate"
1023,"Run Ran Run💃",1024858,"Seagate"
1024,"มินเนี่ยน❤️",1024652,"Seagate"
1025,"RUNX",1024066,"Seagate"
1026,"เดินทำทรง",1023907,"Seagate"
1027,"Mr.Q",1023749,"Seagate"
1028,"พอใจ",1023731,"Seagate"
1029,"std slider",1022802,"Seagate"
1030,"Lion
",1022633,"Seagate"
1031,"พลังเต่า🦋",1022486,"Seagate"
1032,"ก้าวเร็วๆดิ",1022351,"Seagate"
1033,"หะห๊าาา..ใครเค้าวิ่งกัน!!",1022052,"Seagate"
1034,"สาธุ99",1021951,"Seagate"
1035,"หมูหมูMRB",1021880,"Seagate"
1036,"🙉Only we,not someone else 🙊",1021770,"Seagate"
1037,"ก้าวที่1",1021401,"Seagate"
1038,"piti piwpiw wiw wiw",1020728,"Seagate"
1039,"ก้าวเบิ้ดมื่อ 😆😆",1020526,"Seagate"
1040,"ก้าวละนิด💓",1020331,"Seagate"
1041,"คนเท่ห์🤔🤔🤔",1019825,"Seagate"
1042,"ก้าวทุกวันเพื่อสุขภาพ",1019310,"Seagate"
1043,"Oneruning",1018997,"Seagate"
1044,"ก้าว ร้าว",1018851,"Seagate"
1045,"ตำไทยใส่พริกสองเม็ด",1018775,"Seagate"
1046,"สู้เพือหมวก",1018286,"Seagate"
1047,"นกกะปูด",1018164,"Seagate"
1048,"iCare Team C",1018014,"Seagate"
1049,"หมูน้อยๆ",1017890,"Seagate"
1050,"ผีบ้าถามทาง",1017480,"Seagate"
1051,"Angel baby",1017112,"Seagate"
1052,"วิ่งให้ไว ",1016610,"Seagate"
1053,"Go on, walk.",1016451,"Seagate"
1054,"NO NAME",1016203,"Seagate"
1055,"Healthy seagate",1015942,"Seagate"
1056,"Moo Bin🐷",1015573,"Seagate"
1057,"Old timers",1015357,"Seagate"
1058,"หน่วยกู้ภัย",1014942,"Seagate"
1059,"Nonwash",1014801,"Seagate"
1060,"Thailand IT App Healthy",1014676,"Seagate"
1061,"ก้าวให้ครบ จบที่หมูกระทะ🐢🐷",1014203,"Seagate"
1062,"แอ๊บแอ้...",1013858,"Seagate"
1063,"มนุษย์เดิน",1013608,"Seagate"
1064,"Run for Buffet",1013438,"Seagate"
1065,"เรามา3คน",1012667,"Seagate"
1066,"Big steppas",1012570,"Seagate"
1067,"Seagate CAG Runner",1011976,"Seagate"
1068,"ตะมุตะมิ",1011756,"Seagate"
1069,"快乐巴士",1011749,"Seagate"
1070,"Slow Club",1011661,"Seagate"
1071,"ผอมกี่โมง",1011501,"Seagate"
1072,"ตัวแสบ
",1011313,"Seagate"
1073,"รักใจ",1011020,"Seagate"
1074," ตัวเล็กตัวน้อย💚",1010893,"Seagate"
1075,"Three Girls🧁",1010844,"Seagate"
1076,"อะไรก็ได้",1010718,"Seagate"
1077,"แสงจันทร์",1009814,"Seagate"
1078,"DoubleC",1009608,"Seagate"
1079,"Strong pig",1009590,"Seagate"
1080,"อาจารย์ใหญ่Bird",1009503,"Seagate"
1081,"ส้มโอหวาน",1009360,"Seagate"
1082,"กาแฟดำ",1009061,"Seagate"
1083,"Team work",1008697,"Seagate"
1084,"เดินทีละก้าว☺",1008654,"Seagate"
1085,"วันละก้าว🤩🤩",1007716,"Seagate"
1086,"ให้ทาย",1007615,"Seagate"
1087,"7 Legs and a Crutch",1007317,"Seagate"
1088,"หยาดเหงื่อแลกเงิน",1006555,"Seagate"
1089,"อ่อนแรง",1006133,"Seagate"
1090,"Team PC ",1006109,"Seagate"
1091,"Mech in Motion",1004848,"Seagate"
1092,"AI Accelerators",1004803,"Seagate"
1093,"Tooltek CD🏃🏃",1004795,"Seagate"
1094,"一叶知秋意",1004663,"Seagate"
1095,"ทีมอ่อนล้า",1004531,"Seagate"
1096,"So Far Sole Good",1003946,"Seagate"
1097,"S99 RUNNING CLUB",1003788,"Seagate"
1098,"เด็กอวบเดินสู้ฟัด",1003570,"Seagate"
1099,"บ๊อกแบ๊ก🏃😎",1003536,"Seagate"
1100,"วิ่งไป กินไป",1003283,"Seagate"
1101,"อีกแล้วครับ",1003159,"Seagate"
1102,"บักโล้น",1003099,"Seagate"
1103,"เริด เริ่ด",1002445,"Seagate"
1104,"The Cool Kids",1002408,"Seagate"
1105,"HRC Wellness Warriors",1002014,"Seagate"
1106,"🏃🤼‍♀️ Let go ",1001621,"Seagate"
1107,"มดดำ",1001367,"Seagate"
1108,"มดตะนอย",1001009,"Seagate"
1109,"เดินทั้งวันเหมือนหาเสียง😝",1000949,"Seagate"
1110,"Korat HSA LDV",1000673,"Seagate"
1111,"步步惊心",1000583,"Seagate"
1112,"Lunch Kaki",999942,"Seagate"
1113,"เดินจนอ้วน",999219,"Seagate"
1114,"Fit&Firm",998998,"Seagate"
1115,"Slotจัดเต็ม
",998661,"Seagate"
1116,"TR Crew 🇹🇭",998610,"Seagate"
1117,"ชิวล์",998546,"Seagate"
1118,"จิ๋ว จรม.
",997827,"Seagate"
1119,"แก๊งสุดจี๊ด",997750,"Seagate"
1120,"TEPA iCARE",997453,"Seagate"
1121,"SSDC PCBA",997020,"Seagate"
1122,"สู้ฝัน",997011,"Seagate"
1123,"นมชมพู",996901,"Seagate"
1124,"Exercise No.1🏃🏋️🤸",996767,"Seagate"
1125,"春",996543,"Seagate"
1126,"แม่สาวนักตบ",996408,"Seagate"
1127,"Beyond Steps",996213,"Seagate"
1128,"กระดึ๊บ",995483,"Seagate"
1129,"阳光健走队",995314,"Seagate"
1130,"แลนไปนำกัน",995209,"Seagate"
1131,"Headhunter",994909,"Seagate"
1132,"เต่าสายซิ่ง",994624,"Seagate"
1133,"Device Physics Management Team",994599,"Seagate"
1134,"ME4/2",994286,"Seagate"
1135,"MarlinLos
",993938,"Seagate"
1136,"
ย่างเลาะ",993786,"Seagate"
1137,"流星领袖",993385,"Seagate"
1138,"Mosquito_Zaa",992693,"Seagate"
1139,"วิ่งพอกระเทิน",992266,"Seagate"
1140,"สะลึมสะลือ",992215,"Seagate"
1141,"นางฟ้าสวยๆ",992157,"Seagate"
1142,"ก้าวไปหน้า",992095,"Seagate"
1143,"แตงโม",991705,"Seagate"
1144,"เดินยังเซ😋
",991458,"Seagate"
1145,"🌍 Global Striders",991334,"Seagate"
1146,"อ้วน",990772,"Seagate"
1147,"Happy Feet With Friends 😊",990509,"Seagate"
1148,"ICANDO
",990317,"Seagate"
1149,"Korat Canteen Can Run",990049,"Seagate"
1150,"Jaffacake",989806,"Seagate"
1151,"เป็นหนึ่ง",988803,"Seagate"
1152,"ยืนยังเซ",988513,"Seagate"
1153,"April",988473,"Seagate"
1154,"SoftwareLifter",988105,"Seagate"
1155,"เด็กมีปัญหา มาวิ่ง",988012,"Seagate"
1156,"Teparuk Facility ",987966,"Seagate"
1157,"Black Hole Sun",987931,"Seagate"
1158,"V-C PSG",987800,"Seagate"
1159,"ก้าวก่าย ",987790,"Seagate"
1160,"ทีมงานคุณภาพ",987700,"Seagate"
1161,"วิ่งไปไหน",987174,"Seagate"
1162,"รักสุขภาพ2026",986100,"Seagate"
1163,"ผู้พันตึ๋งจึ้งทุกก้าว",985912,"Seagate"
1164,"มะริง กิงกอง สะระนองกองแกง
",985089,"Seagate"
1165,"Shin-Chan",984984,"Seagate"
1166,"Dream walker",984982,"Seagate"
1167,"SSDC Team",984857,"Seagate"
1168,"Tuamum Walkers
",984805,"Seagate"
1169,"Black Eagles",984660,"Seagate"
1170,"จุ๊ก.กรู้….",984228,"Seagate"
1171,"😜ทำงานแบบสับ สับสน😂",984223,"Seagate"
1172,"SEAL ⚓️🐬",983834,"Seagate"
1173,"N'Tastic",983522,"Seagate"
1174,"Box Team",982799,"Seagate"
1175,"My teams ",981995,"Seagate"
1176,"คนจะสวย",981984,"Seagate"
1177,"ก้าวไปให้ถึง",981869,"Seagate"
1178,"มดงาน
",981666,"Seagate"
1179,"🫥",981467,"Seagate"
1180,"pack105",980131,"Seagate"
1181,"青春活力队",980108,"Seagate"
1182,"FINANCE_TF🇹🇭",979921,"Seagate"
1183,"Test warrior 
",979647,"Seagate"
1184,"Team Hamster 🐹",979228,"Seagate"
1185,"เฮ้ยเฮ้ย...ว่า!!! ",979208,"Seagate"
1186,"หนีไป",978957,"Seagate"
1187,"เล็กๆ",978773,"Seagate"
1188,"วิ่งจริงไม่กรอไมล์",978510,"Seagate"
1189,"KINBEERBOR",978470,"Seagate"
1190,"ปลาทูกู้โลก",978142,"Seagate"
1191,"ตั้งใจเดิน😃",977864,"Seagate"
1192,"Overdive",977643,"Seagate"
1193,"แก๊งท้ายซอย",977609,"Seagate"
1194,"小洪洪",977312,"Seagate"
1195,"เดินกันยับ🫢",977288,"Seagate"
1196,"M การช่าง",977245,"Seagate"
1197,"ก้าวที่ 1",976946,"Seagate"
1198,"กะสาง",976941,"Seagate"
1199,"Why walk",976899,"Seagate"
1200,"Longmont Walkers",976531,"Seagate"
1201,"Pepsi",976111,"Seagate"
1202," ก้าวไป",975917,"Seagate"
1203,"แก๊งButterfly",975189,"Seagate"
1204,"ซอยดับเพลิง",975181,"Seagate"
1205,"Helix",974710,"Seagate"
1206,"เหมียวๆ",974518,"Seagate"
1207,"Tละ9",973959,"Seagate"
1208,"วิ่งดิรอไร🐷",973600,"Seagate"
1209,"The Chill Zone .👌🏻",973540,"Seagate"
1210,"เดินสวยๆ",973390,"Seagate"
1211,"ใจเกินร้อย",972385,"Seagate"
1212,"เดินเพื่อสุขภาพที่ดีกว่า",971893,"Seagate"
1213,"Plower Rangers",971633,"Seagate"
1214,"moveup",971550,"Seagate"
1215,"โซดาซ่า",971173,"Seagate"
1216,"Brixton",970989,"Seagate"
1217,"อุนย่าอุนยาย",970292,"Seagate"
1218,"จางหลิงเฮ่อ",969812,"Seagate"
1219,"Facilities Days ",969352,"Seagate"
1220,"ร่วมก้าว",969188,"Seagate"
1221,"เดินแบบเต่าแต่เราก็ถึงเส้นชัย",969117,"Seagate"
1222,"สุมหัวน่ารักส์",968780,"Seagate"
1223,"动起来",968262,"Seagate"
1224,"Ignite ",967692,"Seagate"
1225,"สาวถ้ำพาเพลิน",966985,"Seagate"
1226,"G2G",966923,"Seagate"
1227,"Courage",966649,"Seagate"
1228,"ขาสั้น จ๊วดเร็ว",965322,"Seagate"
1229,"Moving at 7200 RPMs",965282,"Seagate"
1230,"หมูตุ๋น🐷",964400,"Seagate"
1231,"Jeybee's",964318,"Seagate"
1232,"เติมทุกช่วง ล่วงได้ไง",964283,"Seagate"
1233,"🫟GPS",963726,"Seagate"
1234,"Doc Angels",963137,"Seagate"
1235,"阳光玫瑰",962977,"Seagate"
1236,"ไอ้หมูอ้วน🐷",962464,"Seagate"
1237,"บาบูนตูดแดง",962070,"Seagate"
1238,"เดินไป บ่นไป",961906,"Seagate"
1239,"ดีแต่ทรง",961730,"Seagate"
1240,"หน้ามืดหล่ะ",959935,"Seagate"
1241,"เชอรี่",959427,"Seagate"
1242,"Infinity ",959418,"Seagate"
1243,"ลูกเจี๊ยบตัวจี๊ด",959239,"Seagate"
1244,"พาเพื่อนลำบาก
",959072,"Seagate"
1245,"健康第一",959002,"Seagate"
1246,"เด็กอ้วมมมม",958743,"Seagate"
1247,"Help me please!!",958567,"Seagate"
1248,"สะแว๊กแก๊ก",958377,"Seagate"
1249,"ร่วมด้วยช่วยกัน",957817,"Seagate"
1250,"ย่ำต๊อก",957318,"Seagate"
1251,"ก้าวพลาด",957026,"Seagate"
1252,"Systems Software Engineering Leader",956630,"Seagate"
1253,"The Healthy HAMRs ",956505,"Seagate"
1254,"เมื่อไหร่จะโซ",956027,"Seagate"
1255,"SHK Servo On Track",955250,"Seagate"
1256,"สายลับ",955027,"Seagate"
1257,"˚.⋆꒰১ ໒꒱⋆.˚",954765,"Seagate"
1258,"Hormone Therapy",954619,"Seagate"
1259,"PWA ^.^",954538,"Seagate"
1260,"วิ่งเรื่อยเปื่อย",954434,"Seagate"
1261,"Ctrl+Alt+Elite",954242,"Seagate"
1262,"B shift legends ",953774,"Seagate"
1263,"วีแบร์แบร์",953167,"Seagate"
1264,"ทีมนี้พี่ขอ",953138,"Seagate"
1265,"🐝",952637,"Seagate"
1266,"Talent On The Move",952572,"Seagate"
1267,"เด็กคอก8",952389,"Seagate"
1268,"Run Pai Burn",952384,"Seagate"
1269,"白雪公主的好朋友",951852,"Seagate"
1270,"Inactive zZ",951572,"Seagate"
1271,"ข้าวกล่อง",951571,"Seagate"
1272,"พอกะเทิน",951087,"Seagate"
1273,"Step to power步步高能队",950797,"Seagate"
1274,"Daily Miles",950773,"Seagate"
1275,"JB got 7",950590,"Seagate"
1276,"DaDa",950419,"Seagate"
1277,"汉堡包",949289,"Seagate"
1278,"Debug",949128,"Seagate"
1279,"หนมเบื้อง",948948,"Seagate"
1280,"Step Forward 💚🤍",948871,"Seagate"
1281," เกินๆ
",948385,"Seagate"
1282,"งานเดินเพลินดี",947805,"Seagate"
1283,"เดินสวยๆ🫶🏻",946610,"Seagate"
1284,"smile ",946467,"Seagate"
1285,"Limitless Stride & Thrive",946397,"Seagate"
1286,"นักเดินป่ามืออาชีพ",946028,"Seagate"
1287,"แก๊งค์หวานเจี๊ยบบบ🤤",945548,"Seagate"
1288,"เดินสู้งาน",945529,"Seagate"
1289,"ขยันเดินจังเลยนะจ้ะ...",944748,"Seagate"
1290,"อ่อมแก่
",944662,"Seagate"
1291,"สายเลี้ยว",944163,"Seagate"
1292,"ซีรี่ย์ไม่ซีเรียส",944087,"Seagate"
1293,"ก้าว2ก้าว",943459,"Seagate"
1294,"UFC Team",942864,"Seagate"
1295,"ไฟไหม้ทีม🔥",942680,"Seagate"
1296,"แอโรบิคสวนลุม",942315,"Seagate"
1297,"Sole Sisters",942311,"Seagate"
1298,"ComET Team A",941811,"Seagate"
1299,"🥰🥰",940301,"Seagate"
1300,"F2 ไข่ถลอก ",940199,"Seagate"
1301,"โลกสวยรวยทรัพย์",940044,"Seagate"
1302,"Pace Pulse",940013,"Seagate"
1303,"ขยับวันละนิ",939755,"Seagate"
1304,"Together",939418,"Seagate"
1305,"ลงพุง😁",939395,"Seagate"
1306,"Summit
",938039,"Seagate"
1307,"3ก้าวถึงปากซอย",937201,"Seagate"
1308,"hsa ✌️✌️",937139,"Seagate"
1309,"เจไฟร์",936764,"Seagate"
1310,"teen titans",936571,"Seagate"
1311,"Matcha🍵",936297,"Seagate"
1312,"สู้ๆนะ🫰🫰",935993,"Seagate"
1313,"SaYoNaRa🤟🏻",935949,"Seagate"
1314,"ทีมที๊ม✌🏻",935794,"Seagate"
1315,"Team Slurry",935727,"Seagate"
1316,"Llama",935518,"Seagate"
1317,"CALLAB",935241,"Seagate"
1318,"JeedJard",935221,"Seagate"
1319,"หักงวงไอยรา",934441,"Seagate"
1320,"驰步军团",933997,"Seagate"
1321,"walk side by side",933996,"Seagate"
1322,"#หมีพู#",933907,"Seagate"
1323,"หมาราธอน🐶",933705,"Seagate"
1324,"Sailormoon B",933462,"Seagate"
1325,"จะรั่ว",933406,"Seagate"
1326,"HFA | KGBJM",933275,"Seagate"
1327,"Candy 🍭",933061,"Seagate"
1328,"CAG Platform",932919,"Seagate"
1329,"เดินจนล่าาา",932137,"Seagate"
1330,"เดินทั้งวัน",932011,"Seagate"
1331,"starlite",931928,"Seagate"
1332,"精英团队",931924,"Seagate"
1333,"Angel 🧚🏻‍♀️",931886,"Seagate"
1334,"Seagate Guardians - Team Sascha",931712,"Seagate"
1335,"เบาหวิวว",931327,"Seagate"
1336,"C.Alice",931285,"Seagate"
1337,"ส้มโอ
",930750,"Seagate"
1338,"Lucky 7C",930603,"Seagate"
1339,"จงเจริญ",930199,"Seagate"
1340,"สวยเลิศเชิดโสด",930182,"Seagate"
1341,"Data Mavericks",930148,"Seagate"
1342,"40 Pro Max",929075,"Seagate"
1343,"Burn to Earn",928986,"Seagate"
1344,"USB-TEAM-A",928787,"Seagate"
1345,"Chabu&Moogata🐷🐽",928022,"Seagate"
1346,"pinata win",927577,"Seagate"
1347,"Super Pig",927280,"Seagate"
1348,"HAPpy 😽Club",927223,"Seagate"
1349,"Team RPG",927025,"Seagate"
1350,"Patchara",926852,"Seagate"
1351,"วิ่งขาสั่น",926796,"Seagate"
1352,"momaypaza",926751,"Seagate"
1353,"Wellness Warriors",926293,"Seagate"
1354,"ความดันเบาหวาน",926290,"Seagate"
1355,"เต่า สายสปีด 💪💪",925644,"Seagate"
1356,"โดนัท",925450,"Seagate"
1357,"ไม่สนโลก",925444,"Seagate"
1358,"เต่าคลาน",925136,"Seagate"
1359,"The Closers",925121,"Seagate"
1360,"dorado C",925090,"Seagate"
1361,"MM6/3",924948,"Seagate"
1362,"กลมๆกลิ้งๆ",924864,"Seagate"
1363,"นิ นิว",924712,"Seagate"
1364,"อะไร",924704,"Seagate"
1365,"Repair Drive Team B",924443,"Seagate"
1366,"orange juice ",923950,"Seagate"
1367,"Holy Walkamolie",923261,"Seagate"
1368,"Run  for healthy 💪",923104,"Seagate"
1369,"Trek Stars",923057,"Seagate"
1370,"สาธุ ก้าว ก้าว",922104,"Seagate"
1371,"กล้วยหอม",921529,"Seagate"
1372,"无锡IT 老男孩队",921447,"Seagate"
1373,"999สาว💜🛵",920882,"Seagate"
1374,"Step Into Better",920844,"Seagate"
1375,"ไข่ย้อย 😌",919956,"Seagate"
1376,"FIT
",919955,"Seagate"
1377,"ขยับแล้วปัง",919888,"Seagate"
1378,"crazy gen 😜 ",919146,"Seagate"
1379,"Quantum Quest",919041,"Seagate"
1380,"เอสเปรสโซ่หวานน้อย😁😁😁",918954,"Seagate"
1381,"คนไร้สาระ",918267,"Seagate"
1382,"High sugar",918131,"Seagate"
1383,"Bao-viw (เบาหวิว)",917831,"Seagate"
1384,"StrideCrew",917782,"Seagate"
1385,"[ก้าวเป็นหนึ่ง ก้าวสู่ความสำเร็จ ]",917732,"Seagate"
1386,"Cloud Marketing",917567,"Seagate"
1387,"สปีดสายเต่า",917455,"Seagate"
1388,"Strong & Healthy",917309,"Seagate"
1389,"สับ!!teenแตก💨",917093,"Seagate"
1390,"The Immortals ",916908,"Seagate"
1391,"Wlds Seek & Stroll",916796,"Seagate"
1392,"Neka",916577,"Seagate"
1393,"พ่อหนุ่มHELIUM",916140,"Seagate"
1394,"Superman",916050,"Seagate"
1395,"ยิ้มเข้าไว้
",916035,"Seagate"
1396,"SSA",915938,"Seagate"
1397,"SQE power ranger2",915914,"Seagate"
1398,"Marlin",915594,"Seagate"
1399,"Banana",915569,"Seagate"
1400,"มิตรภาพลาบก้อย6/3",915343,"Seagate"
1401,"lazy cats",915004,"Seagate"
1402,"lady walkking",913954,"Seagate"
1403,"Friends..",913789,"Seagate"
1404,"Steps for smiles",913716,"Seagate"
1405,"The Unstoppable Pack",913535,"Seagate"
1406,"พี่ก็อยู่ของพี่เฉยๆ",913188,"Seagate"
1407,"Europe walkers ",913009,"Seagate"
1408,"Goal Digger",912859,"Seagate"
1409,"5 Happy Feet",912578,"Seagate"
1410,"Giki_family",912432,"Seagate"
1411,"Fast Food Fast Feet",912231,"Seagate"
1411,"ดอกกุหลาบ",912231,"Seagate"
1413,"ปังปัง
",911576,"Seagate"
1414,"🍊",910597,"Seagate"
1415,"Angry birds",910141,"Seagate"
1416,"เยี่ยมเรย",910025,"Seagate"
1417,"Shadow dragon",909886,"Seagate"
1418,"Speed ตามฝัน✌️🌻",909861,"Seagate"
1419,"ม่อนชิชิ",909534,"Seagate"
1420,"รักจะเดิน ๙๙",909341,"Seagate"
1421,"102packing
",909199,"Seagate"
1422,"แล่นหัน",909157,"Seagate"
1423,"Bangkok to Minneapolis",908839,"Seagate"
1424,"หมูพะโล้",908793,"Seagate"
1425,"be rich, 🤑",908739,"Seagate"
1426,"The Syncing Steps",907749,"Seagate"
1427,"เดินๆเล่นๆ",906621,"Seagate"
1428,"มันม่วง 2",906425,"Seagate"
1429,"C-Secret",904572,"Seagate"
1430,"สหาย",904510,"Seagate"
1431,"Step It Up!",904299,"Seagate"
1432,"รักเค้า",904174,"Seagate"
1433,"Team Jimothy 🦝",904172,"Seagate"
1434,"อะไรหละ",904086,"Seagate"
1435,"Speed HSA
",903931,"Seagate"
1436,"临阵磨枪",903695,"Seagate"
1437,"Running​ TeamA.",903337,"Seagate"
1438,"HONDA WALK",902898,"Seagate"
1439,"🔥 energy strong 💪🏻⚡",902847,"Seagate"
1440,"บวมโซเดียม",901853,"Seagate"
1441,"มักเดิน",901226,"Seagate"
1442,"เเจ๋ว...เหนียวไก่",901202,"Seagate"
1443,"踏风小队",901155,"Seagate"
1444,"Ministry of steps",900884,"Seagate"
1445,"Running🫀",900644,"Seagate"
1446,"ปูนาขาเก",899518,"Seagate"
1447,"👭ผอมเพรียว👭",898851,"Seagate"
1448,"เดินเลาะ
",898760,"Seagate"
1449,"LauLang Relaxing ",898714,"Seagate"
1450,"RHT",898569,"Seagate"
1451,"ลำละลำหล่าย",897817,"Seagate"
1452,"Step Sisters",897786,"Seagate"
1453,"One9",897614,"Seagate"
1454,"Puinoon",897523,"Seagate"
1455,"ซาซ่า",897298,"Seagate"
1456,"lunch",896599,"Seagate"
1457,"Drive555",896577,"Seagate"
1458,"PM Team",896094,"Seagate"
1459,"ก้าวไวไว",895998,"Seagate"
1460,"Let’s WOK!",895866,"Seagate"
1461,"น้ำหอม",895737,"Seagate"
1462,"MA5",895574,"Seagate"
1463,"Energy+++😁",895238,"Seagate"
1464,"เดินเล่นๆ",895031,"Seagate"
1465,"สวยมากมาก",894771,"Seagate"
1466,"หอบคลับRunning",894753,"Seagate"
1467,"Mighty Morphin' Hard Drive Makers",894466,"Seagate"
1468,"ผู้หญิง Strong",894436,"Seagate"
1469,"the future ",894133,"Seagate"
1470,"อยากจะเดิน",893664,"Seagate"
1471,"Team Taxation",893292,"Seagate"
1472,"วอนบิน",893119,"Seagate"
1473,"Fremont RSS",892899,"Seagate"
1474,"เข่าเสื่อม!!",892657,"Seagate"
1475,"Run On🏃‍♀️",892275,"Seagate"
1476,"แตงโม
",891949,"Seagate"
1477,"Five girls running on Seagate ",891818,"Seagate"
1478,"Nobody",891613,"Seagate"
1479,"ฝากแมวเดิน",891547,"Seagate"
1480,"🍑",891449,"Seagate"
1481,"Never Know Just Be More",891117,"Seagate"
1482,"🤍เดอะ วอคกิ้ง กู๊ด 🌈",890708,"Seagate"
1483,"ซอยยิกๆ",890527,"Seagate"
1484,"วิ่งกันนะ",890343,"Seagate"
1485,"เดินในไลน์",889920,"Seagate"
1486,"ต้นกล้า🌳🌲🪴🌱",889877,"Seagate"
1487,"It’s a Golf possibly an Audi ",889837,"Seagate"
1488,"AQ",889223,"Seagate"
1489,"🐧",888992,"Seagate"
1490,"🏃🚶🏃🚶 Walk and work.",888333,"Seagate"
1491,"หมูแจ๋ว",888118,"Seagate"
1492,"สาววัยใสในวัยเลข4
",888066,"Seagate"
1493,"PP RUNING",888062,"Seagate"
1494,"Walking Simulator",888013,"Seagate"
1495,"ทีละก้าว",887987,"Seagate"
1496,"We are number 1",887514,"Seagate"
1497,"Walk for cats",887407,"Seagate"
1498,"อิ อิ อุ อุ",886640,"Seagate"
1499,"C-Test",886564,"Seagate"
1500,"ล้านก้าว",885438,"Seagate"
1501,"Power Girls ",885206,"Seagate"
1502,"SUPER JEW",884844,"Seagate"
1503,"เดินทำไมนั่งรถดีกว่า
",884771,"Seagate"
1504,"สายลับหมึก🐙",884054,"Seagate"
1505,"ชาบูหม่าล่า ",883550,"Seagate"
1506,"TT Training",883270,"Seagate"
1507,"B Plus",882942,"Seagate"
1508,"สับส้นแตก",882896,"Seagate"
1509,"ฟองเบียร์",882390,"Seagate"
1510,"Healthy Together ",882215,"Seagate"
1511,"เทเล ทับบี้",881874,"Seagate"
1512,"Seal za",881835,"Seagate"
1513,"Runway",881680,"Seagate"
1514,"ก้าวตัวกลม",881442,"Seagate"
1515,"Summer 🏝️",881345,"Seagate"
1516,"Cali Crew",881144,"Seagate"
1517,"B-Gang",880620,"Seagate"
1518,"TNA",880501,"Seagate"
1519,"เดินซิ่ง",880450,"Seagate"
1520,"Matrix",880182,"Seagate"
1521,"Step for UNICEF",879984,"Seagate"
1522,"ทีมเวิร์ค💪",879875,"Seagate"
1523,"Baby Snail Racing",879677,"Seagate"
1524,"ก้าวเรื่อยๆ",879096,"Seagate"
1525,"พี่ก็เดินของพี่เฉยๆ",878852,"Seagate"
1526,"เดินน้อย  แต่เดินนะ",878619,"Seagate"
1527,"Go for a walk",878613,"Seagate"
1528,"อาวุโสok😍😍✌️",878556,"Seagate"
1529,"Packing Team",878243,"Seagate"
1530,"    9TH ELEMENT",877983,"Seagate"
1531,"
Pressure relief ",877567,"Seagate"
1532,"ชีพจรลงพุง🫡
",876946,"Seagate"
1533,"Above and Beyond… my dream",876403,"Seagate"
1534,"Kitty",875966,"Seagate"
1535,"Walk Together

",875612,"Seagate"
1536,"Process team A",875508,"Seagate"
1537,"So Good😛",875204,"Seagate"
1538,"🐷",874998,"Seagate"
1539,"#动起来",874985,"Seagate"
1540,"Lucky 7B
",873984,"Seagate"
1541,"GPE",873822,"Seagate"
1542,"ATS ครับผม
",873394,"Seagate"
1543,"หมาวัด",873332,"Seagate"
1544,"ชาบู หมูทะ จุกๆไปเลย
",871945,"Seagate"
1545,"หมูกรอบ",871309,"Seagate"
1546,"จะเดินรึไม่เดิน",871258,"Seagate"
1547,"เดินไม่ไหวก็คลานเอานะค่ะ 
",871230,"Seagate"
1548,"สุขภาพดีเยี่ยม",871110,"Seagate"
1549,"Run-on",871102,"Seagate"
1550,"999",871097,"Seagate"
1551,"น้ำใจเป็นหนึ่ง",871074,"Seagate"
1552,"The Step Stars ⭐️",870515,"Seagate"
1553,"Tepa Papai Shim",870141,"Seagate"
1554,"คนอวบ",869664,"Seagate"
1555,"ก้าวพริบตา",869638,"Seagate"
1556,"โครตจะเริ่ด! ",869344,"Seagate"
1557,"🐮",869194,"Seagate"
1558,"Counting Steps",869014,"Seagate"
1559,"เดินดีดีนะ",868959,"Seagate"
1560,"😎",868566,"Seagate"
1561,"BRAVO ",867927,"Seagate"
1562,"。",867899,"Seagate"
1563,"power rangers",867774,"Seagate"
1564,"นับก้าวเดิน",867722,"Seagate"
1565,"Mexican power",867612,"Seagate"
1566,"โหนกระสือ",867501,"Seagate"
1567,"跑起来",867098,"Seagate"
1568,"ร่างลากิจ สติลาป่วย🤸🏻🏆",866829,"Seagate"
1569,"The Speed Demons✌️🤫",866751,"Seagate"
1570,"ท้ายBarlap",866532,"Seagate"
1571,"ทีมงานเมียหน่าย
",865973,"Seagate"
1572,"Cache Me Outside",865722,"Seagate"
1573,"ก้าวต่อไปใจต้องนิ่ง
",865595,"Seagate"
1574,"จะวูบฮะ",865349,"Seagate"
1575,"เหมียวๆๆหง่าว",865161,"Seagate"
1576,"เดินวิ่งวนไป จนกว่าจะพันล้าน",865124,"Seagate"
1577,"เดินไปเมาไป",863050,"Seagate"
1578,"Moving Forward ",862688,"Seagate"
1579,"PokeWalks",862510,"Seagate"
1580,"Wafer Counters",862462,"Seagate"
1581,"เดินกันแล้ว",862034,"Seagate"
1582,"Running man seagate",861667,"Seagate"
1583,"Apples ",861321,"Seagate"
1584,"ENDLESS MILES ",860954,"Seagate"
1585,"เดินสับ🦵🏻",860780,"Seagate"
1586,"Happy Feet Co.",860356,"Seagate"
1587,"แอ้ฝนแดงแอน",860156,"Seagate"
1588,"MNN",859842,"Seagate"
1589,"@สาวสาวสาว",859693,"Seagate"
1590,"หมื่นก้าวเพื่อหนึ่งแก้ว",859029,"Seagate"
1591,"สตรีเหล็ก",859015,"Seagate"
1592,"0PM",858914,"Seagate"
1593,"นอนยังเหนื่อยให้เดินทำไม",858489,"Seagate"
1594,"ชูก้า ชูก้ารูนนน",858412,"Seagate"
1595,"维京海盗团",858312,"Seagate"
1596,"crazy🐷",857713,"Seagate"
1597,"วิ่งเปี้ยวๆ",857389,"Seagate"
1598,"boomboom",856773,"Seagate"
1599,"เพื่อนวิ่ง",856667,"Seagate"
1600,"สมาย",856194,"Seagate"
1601,"ROBLOX",856015,"Seagate"
1602,"แซบเวอร์ 33",855939,"Seagate"
1603,"Stroll Squad",855567,"Seagate"
1604,"DShift Dawgs",855443,"Seagate"
1605,"Let's go execirse together ❤️ 💙 ",855088,"Seagate"
1606,"Manageable 5.0 DOS",854851,"Seagate"
1607,"ทีมหน้าห้อง หน้าใจ",854538,"Seagate"
1608,"ลิซ่า",854357,"Seagate"
1609,"น้ำแข็งใส

",854140,"Seagate"
1610,"Pi2",853685,"Seagate"
1611,"SeaGreat Fremont Elite",853633,"Seagate"
1612,"คุณภาพ",853622,"Seagate"
1613,"YYDS",853602,"Seagate"
1614,"แพนกวินน้อย ",853487,"Seagate"
1615,"ตะวัน",853485,"Seagate"
1616,"ฤดูหนาว
",853024,"Seagate"
1617,"MACRO IC",852979,"Seagate"
1618,"ชัวว์ ชัวว์
",852969,"Seagate"
1619,"ญ.โสภา",852917,"Seagate"
1620,"หมูติดล้อ",852888,"Seagate"
1621,"ต.เต่า",852539,"Seagate"
1622,"ก้าวที่มั่นคง",852497,"Seagate"
1623,"กินน้ำก๊อก",852455,"Seagate"
1624,"7-11",852386,"Seagate"
1625,"🤩🤩",851934,"Seagate"
1626,"步行之友",851751,"Seagate"
1627,"สวยผอมเพียว",851747,"Seagate"
1628,"เดินยันเซ",851574,"Seagate"
1629,"Thanyamon",851401,"Seagate"
1630,"Fantastic 5",851303,"Seagate"
1631,"FolaAllcell",850877,"Seagate"
1632,"ระดับซ้อ🫅ไม่ง้อเสี่ย🫪",850852,"Seagate"
1633,"อโวคาโด",850796,"Seagate"
1634,"เฮว เฮว",850681,"Seagate"
1635,"เดินยังไหว",850630,"Seagate"
1636,"The Last Rep",850465,"Seagate"
1637,"วิ่งเอาของ",850306,"Seagate"
1638,"Tadum",850206,"Seagate"
1639,"นันยาง",850139,"Seagate"
1640,"ห้าพยักหนี",849343,"Seagate"
1641,"หมูรักสุขภาพ🏃🏻‍♀️",848991,"Seagate"
1642,"Didn’t walk",848962,"Seagate"
1643,"Digital Enablement",848806,"Seagate"
1644,"Line13",848705,"Seagate"
1645,"cat.cat.",848684,"Seagate"
1646,"TNAA",847947,"Seagate"
1647,"เดินๆนอนๆ",847374,"Seagate"
1648,"เมื่อยแท้ๆ",847279,"Seagate"
1649,"Dorado  604 team.B",847163,"Seagate"
1650,"Go to the West",847012,"Seagate"
1651,"OOO (Out of Office)",847007,"Seagate"
1652,"สตอเบอรี่สีแดง",846711,"Seagate"
1653," A Wang FC!!",846178,"Seagate"
1654,"เดินวนไป",845773,"Seagate"
1655,"ผัดหมี่Korat",844821,"Seagate"
1656,"HDD D Thailand ",844312,"Seagate"
1657,"Operate Gold",843521,"Seagate"
1658,"TEST ORT",843123,"Seagate"
1659,"กระต่ายบิน🐰",842815,"Seagate"
1660,"ก้าวแห่งชัยชนะ",842785,"Seagate"
1661,"Moving together",842517,"Seagate"
1662,"แมวแต่ง😸",842126,"Seagate"
1663,"Win Win Team",842041,"Seagate"
1664,"ชิวแต่ชัดเจน",841884,"Seagate"
1665,"Heather's Happy Feet",841723,"Seagate"
1666,"🫁",841472,"Seagate"
1667,"Angel babyyyyyy",841451,"Seagate"
1668,"Health💪",841412,"Seagate"
1669,"Seagate Americas Marketing",841347,"Seagate"
1670,"Prime team💪🔥",841234,"Seagate"
1671,"Brightvc",841118,"Seagate"
1672,"🐱แมวน้อยชิคๆ",841008,"Seagate"
1673,"Buffet❤️",840952,"Seagate"
1674,"ME Backend B",840597,"Seagate"
1675,"🇹🇭Finance 99",840583,"Seagate"
1676,"CR girl",840555,"Seagate"
1677,"Footprints United",840446,"Seagate"
1678,"วิ่งกับอาหลาง",840325,"Seagate"
1679,"ME Drive 6/2 B++",840284,"Seagate"
1680,"หมูน้ำ",840139,"Seagate"
1681,"Walking and Running",840021,"Seagate"
1682," ลิลลี่บลู
",839872,"Seagate"
1683,"เดินหมดวันฉัน ล่ะ เพลีย",839690,"Seagate"
1684,"PG
",839613,"Seagate"
1685,"步步高",839401,"Seagate"
1686,"วิ่งแลกหมวก",839339,"Seagate"
1687,"ไก่",839300,"Seagate"
1688,"พูดไปเรื่อย !
",839181,"Seagate"
1689,"วิ่งแลกล้าน",838541,"Seagate"
1690,"แว่น มานี่มา😎",837959,"Seagate"
1691,"ระวังแตนตอด",837882,"Seagate"
1692,"👍👍",837748,"Seagate"
1693,"In love",837341,"Seagate"
1694,"🦋",837258,"Seagate"
1695,"NRM_Steppers",837026,"Seagate"
1696,"นอนน้อยแต่นอนนะ",836934,"Seagate"
1697,"มานอนเวน",836289,"Seagate"
1698,"วัยรุ่นวุ่นวาย",836217,"Seagate"
1699,"อนาคต",836122,"Seagate"
1700,"🌞😵!",835939,"Seagate"
1701,"CR106",835823,"Seagate"
1702,"Speedy Gonzales",835770,"Seagate"
1703,"numberone",835611,"Seagate"
1704,"MEDIA C",834998,"Seagate"
1705,"ขี้เกียจเดิน",834512,"Seagate"
1706,"1112Team",834474,"Seagate"
1707,"ขวัญ❤️เพช10",833741,"Seagate"
1708,"เดินเพื่อสุขภาพ💞
",833533,"Seagate"
1709,"แก๊งนางฟ้า",833515,"Seagate"
1710,"chubby cat",833350,"Seagate"
1711,"จุกกรู้วว",833293,"Seagate"
1712,"NPD BE Team B",833055,"Seagate"
1713,"ต้มยำกุ้ง🍤",832853,"Seagate"
1714,"วิ่งราวซีเกท",832354,"Seagate"
1715,"  ทำได้หมดทุกอย่าง",832281,"Seagate"
1716,"วิ่งแซ่บ🤟🤟",832219,"Seagate"
1717,"บอย",832126,"Seagate"
1718,"ปวดน่อง",831488,"Seagate"
1719,"รู้ไหม..ใครฆ่าอาริยา",830556,"Seagate"
1720,"ก้าวกัน ver.2",830404,"Seagate"
1721,"สับโดด",828825,"Seagate"
1722,"PP One PIECE",828301,"Seagate"
1723,"สายมู🪄🔮🧿✨🪔",828221,"Seagate"
1724,"วัยไสย",827154,"Seagate"
1725,"เหนื่อยเดิน",827009,"Seagate"
1726,"Sunflower 🌻",826609,"Seagate"
1727,"พันล้านก้าวเพื่อสุขภาพที่ดี",826587,"Seagate"
1728,"เฒ่าแต่แข่ว",826247,"Seagate"
1729,"นักก้าวเดินด้วยฝ่าเท้า",825631,"Seagate"
1730,"ไส้อั่ว",825615,"Seagate"
1731,"สาระ",825463,"Seagate"
1732,"#TeamA",824625,"Seagate"
1733,"🫰นอนน้อยแต่นอนน๊ะ🫰",824540,"Seagate"
1734,"龙虎摸鱼队",824320,"Seagate"
1735,"หาแต่แนวกิน",824157,"Seagate"
1736,"หวานจ้อย😘",823989,"Seagate"
1737,"Running for girls ",823813,"Seagate"
1738,"hello kitty 😺 ",823642,"Seagate"
1739,"เป็นเลิศ🤪",823306,"Seagate"
1740,"ก้าวไกลเพื่อสุขภาพ",822986,"Seagate"
1741,"ทิวลิป🌷",822938,"Seagate"
1742,"Pink สีชมพูนะ",822576,"Seagate"
1743,"ก้าวไม่ไหว",822283,"Seagate"
1744,"NPD Team C",822247,"Seagate"
1745,"Latte Locomotion",822161,"Seagate"
1746,"Fac speed ",822047,"Seagate"
1747,"ฉันท์เดิน",821834,"Seagate"
1748,"Travellers Troop",821744,"Seagate"
1749,"ปั่นเพื่อชาติ",821579,"Seagate"
1750,"จุ๊กกรู",821437,"Seagate"
1751,"หมูกระจก",821277,"Seagate"
1752,"GNS Thailand",820713,"Seagate"
1753,"HRC-ly Ever After",820513,"Seagate"
1754,"สุขภาพ(มั้ง)",820389,"Seagate"
1755,"Activated guys ",820208,"Seagate"
1756,"Hi-tame",820168,"Seagate"
1757,"ทีมงานขาลาก",820008,"Seagate"
1758,"ก้าวไปด้วยกัน😀😀",819482,"Seagate"
1759,"ก้าวละนิด",819367,"Seagate"
1760,"เกิร์ลกรุ๊ป",819282,"Seagate"
1761,"Rambo",818946,"Seagate"
1762,"Cloud Voyagers",818877,"Seagate"
1763,"Uncle run",818648,"Seagate"
1764,"DA เอกเพอติ๊ดดด",817892,"Seagate"
1765,"สวยใสไร้สติ",817297,"Seagate"
1766,"เป๊ปซี่",816973,"Seagate"
1767,"Finance_09",816929,"Seagate"
1768,"Sweat & Smile",816922,"Seagate"
1769,"❤️โซดาป๊อบ",816654,"Seagate"
1770,"Moobin",816598,"Seagate"
1771,"Nobi Nobita ",816528,"Seagate"
1772,"หมีน้อย",816234,"Seagate"
1773,"🐷 หมูเดินไว",816218,"Seagate"
1774,"The SOX steps",816104,"Seagate"
1775,"New Version ",815788,"Seagate"
1776,"ก้าวฉ่ำ",815226,"Seagate"
1777,"ก็เดินอยู่",815080,"Seagate"
1778,"Burn_Out",814622,"Seagate"
1779,"Pitstop B.1",814575,"Seagate"
1780,"牵手",814246,"Seagate"
1781,"แพนด้า.",814106,"Seagate"
1782,"corporate marketing team",813906,"Seagate"
1783,"แม่ป้า",813816,"Seagate"
1784,"วิ่งในใจ",813496,"Seagate"
1785,"SS",813369,"Seagate"
1786,"Alum c",812636,"Seagate"
1787,"แก้งเบรค1",812543,"Seagate"
1788,"Low power ",812379,"Seagate"
1789,"Eat before exercise later",811284,"Seagate"
1790,"LPC RUNNING",811270,"Seagate"
1791,"เน้นเข้าร่วม ไม่เน้นเข้ารอบ",810761,"Seagate"
1792,"Aboss test comet",810526,"Seagate"
1793,"เราและนาย",810352,"Seagate"
1794,"踏山摸鱼",810326,"Seagate"
1795,"หิวหมูกระทะ",810144,"Seagate"
1796,"เดิน",810036,"Seagate"
1797,"System Team",809704,"Seagate"
1798,"Quettabytes in Motion ⭐️✨",809473,"Seagate"
1799,"Thongtue",809226,"Seagate"
1800,"Wow🏃🧎",808946,"Seagate"
1801,"แก๊งค์หมูอ้วน♥️",808478,"Seagate"
1802,"WLD3 B",808437,"Seagate"
1803,"Walk Here Walk There",808245,"Seagate"
1804,"JP Finance Ham-Sampo",808212,"Seagate"
1805,"เดินทั้งวันยันเย็น",808157,"Seagate"
1806,"Pood Thai Mai Dai",807972,"Seagate"
1807,"Sound of heart",807800,"Seagate"
1808,"OCR ",807471,"Seagate"
1809,"Happy steps",807242,"Seagate"
1810,"No Limit Runners",807130,"Seagate"
1811,"สายล่า",806868,"Seagate"
1812,"STX China Cloud&OEM",806806,"Seagate"
1813,"พาป้าไปวิ่ง",804971,"Seagate"
1814,"		! Melbourne ",804508,"Seagate"
1815,"candy",804030,"Seagate"
1816,"เดินทีมีร้อง!",804016,"Seagate"
1817,"ทากรันเนอร์",803861,"Seagate"
1818,"Vacuum 3",803839,"Seagate"
1819,"เดินจงกรม",803733,"Seagate"
1820,"Green tea Health",803513,"Seagate"
1821,"RooMaNidNoi🤪",803427,"Seagate"
1822,"หมูเด้งดึ่ง",803196,"Seagate"
1823,"lnwza007",803123,"Seagate"
1824,"Siriporn ขี้เซา ",802754,"Seagate"
1825,"HU-SQE",802560,"Seagate"
1826,"วิ่งแรกyess",802280,"Seagate"
1827,"Bola A Team",802237,"Seagate"
1828,"Keep Walking🫶",801940,"Seagate"
1829,"คนก้าวหน้า",801371,"Seagate"
1830,"กายภาพบำบัด><",800941,"Seagate"
1831,"เขี้ยวกุด",800790,"Seagate"
1832,"Marvellous ",800508,"Seagate"
1833,"cat1",800193,"Seagate"
1834,"50++",799782,"Seagate"
1835,"Stride United",799727,"Seagate"
1836,"Yolo",799434,"Seagate"
1837,"ลุย",799414,"Seagate"
1838,"🐳🐒",799243,"Seagate"
1839,"Lucky 7D",799200,"Seagate"
1840,"杠上开花",798119,"Seagate"
1841,"Healthy with P’ Aoo",797667,"Seagate"
1842,"run.work",796872,"Seagate"
1843,"Fola l A Team",796446,"Seagate"
1844,"eric and friends",796178,"Seagate"
1845,"ร่างกายแข็งแกร่ง",795841,"Seagate"
1846,"ขนม",795494,"Seagate"
1847,"วิ่งก่อน เดี๋ยวงานค่อยว่ากัน",795326,"Seagate"
1848,"ก้อนกลม🐷🐽",795077,"Seagate"
1849,"นายกระจอก",795054,"Seagate"
1850,"NRM Metro walkers ",794163,"Seagate"
1851,"วิ่ง ก๊อกๆแก๊กๆ 🥳",794149,"Seagate"
1852,"3เกลอ

",793765,"Seagate"
1853,"ร่วมกันวิ่ง",793617,"Seagate"
1854,"Downtime",793365,"Seagate"
1855,"แก๊งชิวจนงง",793100,"Seagate"
1856,"เดินเเล่นวิ่ง",792800,"Seagate"
1857,"ขวัญใจป้าข้างบ้าน",792604,"Seagate"
1858,"Rider runner",792387,"Seagate"
1859,"เทสรัน",792223,"Seagate"
1860,"กลมกลิ้งวิ่งๆเดินๆ",792106,"Seagate"
1861,"StepForBBQ",792066,"Seagate"
1862,"The Kool Cloud ",791982,"Seagate"
1863,"TOU",791727,"Seagate"
1864,"ย่างไว",791309,"Seagate"
1865,"หมูหัน",790377,"Seagate"
1866,"ME Development",790369,"Seagate"
1867,"Vintage Sup.",790262,"Seagate"
1868,"สร้างฝัน",790195,"Seagate"
1869,"Move & Move",790162,"Seagate"
1870,"ANNYEONG👋🏻",789777,"Seagate"
1871,"The Gadis Brutal",789414,"Seagate"
1872,"เต่าคำราม 🐢🐢🐢",789129,"Seagate"
1873,"RUNNNN🏃🏻‍♀️💨",788659,"Seagate"
1874,"contam",787586,"Seagate"
1875,"โลกของคนชิว",787391,"Seagate"
1876,"ดุกดุ๋ย~~~",787229,"Seagate"
1877,"Happy walking ",787125,"Seagate"
1878,"วิ่งเท่านั้น",786942,"Seagate"
1879,"คนรักครอบครัว",786918,"Seagate"
1880,"STX IronWolf",786733,"Seagate"
1881,"พาเหนื่อย",786527,"Seagate"
1882,"มิตรฉาชีพ",786472,"Seagate"
1883,"🇹🇭FINANCE IC",786451,"Seagate"
1884,"Springtown Champions",786274,"Seagate"
1885,"The Queens ",786189,"Seagate"
1886,"AwayFromKeyboard",786085,"Seagate"
1887,"一起动起来",786031,"Seagate"
1888,"Ninety5",785535,"Seagate"
1889,"มันม่วง",784962,"Seagate"
1890,"ตุ๋ยดุ้ย",784700,"Seagate"
1891,"Walking Club. 🏃🏻‍♀️🌿",784096,"Seagate"
1892,"เดินวันละนิดแต่ฟิตทุกวัน",783989,"Seagate"
1893,"จิมมี่จับหมีด้วยมือเปล่า",783816,"Seagate"
1894,"ก้าวยังเหนื่อย",783514,"Seagate"
1895,"After gym 🌻",783398,"Seagate"
1896,"DVL ",783379,"Seagate"
1897,"หมูหมากาไก่",783204,"Seagate"
1898,"PSG TEST",783133,"Seagate"
1899,"Gemox",782994,"Seagate"
1900,"The Stride Squad",781824,"Seagate"
1901,"FOLA38",781725,"Seagate"
1902,"กินอิ่ม นอนอุ่น🥱🥱",781576,"Seagate"
1903,"….",781530,"Seagate"
1904,"แตน",781280,"Seagate"
1905,"STEP UP✌️✌️✌️",781086,"Seagate"
1906,"Kaijae",781032,"Seagate"
1907,"เดินเพื่อ!",780602,"Seagate"
1908,"Kay",780181,"Seagate"
1909,"วิ่ง Hoo rub",779250,"Seagate"
1910,"งง ดี",779227,"Seagate"
1911,"Miles for smiles ",778870,"Seagate"
1912,"Lo-Society",778692,"Seagate"
1913,"แก๊งนี้ผอมแน่",778552,"Seagate"
1914,"Slow life",778022,"Seagate"
1915,"รุ้งกินน้ำ
",776785,"Seagate"
1916,"迈开腿",776518,"Seagate"
1917,"เด็กกะโปก",776399,"Seagate"
1918,"Little Boy",775739,"Seagate"
1919,"ดวงดาว",775705,"Seagate"
1920,"ยังไหวอยู่",775670,"Seagate"
1921,"CHANGE",775641,"Seagate"
1922,"พลังหนุ่ม",774875,"Seagate"
1923,"Banana🍌🍌",774215,"Seagate"
1924,"ขยันเดิน ✌🏻",774108,"Seagate"
1925,"悦步佳人",773962,"Seagate"
1926,"SC channels Team",773884,"Seagate"
1927,"5 เซียนเทวดา",773719,"Seagate"
1928,"Cd sem Team C",773624,"Seagate"
1929,"""You never walk alone"" ",773422,"Seagate"
1930,"🐺",773046,"Seagate"
1931,"Byte-Sized Steps",772135,"Seagate"
1932,"ซ่อมทุกอย่างที่เสียบปลั๊ก",771919,"Seagate"
1933,"Gold ",771543,"Seagate"
1934,"KTC.Team",771533,"Seagate"
1935,"Ave Maria ",771483,"Seagate"
1936,"ก้าวสับหลอก",771294,"Seagate"
1937,"น้ำหวานเจี๊ยบ",770958,"Seagate"
1938,"รุ่นปวดหลัง",770811,"Seagate"
1939,"อะไรนะ",770536,"Seagate"
1940,"Keep to walking..!!",770067,"Seagate"
1941,"วอดส์!!🤌",769991,"Seagate"
1942,"这是队名",769793,"Seagate"
1943,"ช็อปเปอร์ๆๆ",769625,"Seagate"
1944,"Never Walk Alone",769520,"Seagate"
1945,"กล้วยน้ำว้า",769410,"Seagate"
1946,"Coffee8",769363,"Seagate"
1947,"  มุ้งมิ้ง",769192,"Seagate"
1948,"Cloud Marketing (A-Team)",768267,"Seagate"
1949,"สายเดิน",768006,"Seagate"
1950,"วอดส์?",767872,"Seagate"
1951,"หมูอ้วน🐷",767500,"Seagate"
1952,"Smurf ",767044,"Seagate"
1953,"พาเดิน",766055,"Seagate"
1954,"เจเจ",765981,"Seagate"
1955,"🤍Five for you🤍",765925,"Seagate"
1956,"AVARO",765907,"Seagate"
1957,"รุ่นใหญ่56",765618,"Seagate"
1958,"Pace Makers",765303,"Seagate"
1959,"แซ่บ ซ่า 🤫",765266,"Seagate"
1960,"พายุ",765262,"Seagate"
1961,"Fast and Furious",764780,"Seagate"
1962,"WC 动起来",764497,"Seagate"
1963,"กินเผือก",764147,"Seagate"
1964,"一起加油吧",764117,"Seagate"
1965,"Wuxi Reli",763560,"Seagate"
1966,"DEK B Dek Wa",763438,"Seagate"
1967,"Iron Maidens ",763262,"Seagate"
1968,"ก้าวเพื่อสุขภาพ🎉🏃🏃‍♀️",762859,"Seagate"
1969,"เต่าวิ่ง",762436,"Seagate"
1970,"五朵金花",761916,"Seagate"
1971,"Running 608",761201,"Seagate"
1972,"ล่องหน",761061,"Seagate"
1973,"40+ไม่สะดวกแก่",760891,"Seagate"
1974,"เพื่อนเลว",760783,"Seagate"
1975,"เดินงาน",760732,"Seagate"
1976,"疯狂星期四",760649,"Seagate"
1977,"🐷 PIG RUNNER🐷",760291,"Seagate"
1978,"    𝑷𝒊𝒈𝒈𝒚 🐷ྀི",760284,"Seagate"
1979,"DBG T.B",760191,"Seagate"
1980,"หวานน้อย",759703,"Seagate"
1981,"ไซเรนเลิฟ❤️",759687,"Seagate"
1982,"Enjoy",759552,"Seagate"
1983,"มาดูแมวที่ห้องเราไหม😸",759233,"Seagate"
1984,"OL Seagate",759087,"Seagate"
1985,"Newnew",758979,"Seagate"
1986,"แก๊งซูซูรัน",758879,"Seagate"
1987,"💞 เดิน เพื่อ เธอ.💞",758587,"Seagate"
1988,"เดินชิว ชิว",758547,"Seagate"
1989,"เดินทำงาน❌
เดินเล่น✅",758142,"Seagate"
1990,"ลดพุงลดโรค",758111,"Seagate"
1991,"ทำทรงทำงาน",757697,"Seagate"
1992,"ME Barlap Team A",757076,"Seagate"
1993,"Villaเซียนหรั่ง",756879,"Seagate"
1994,"ส้มจี๊ด...เป็นเด็กดี",756862,"Seagate"
1995,"รวมดาวมั้ย🤓",756668,"Seagate"
1996,"Step 🚶‍♀️",756461,"Seagate"
1997,"โบว์รักสีดำ",756315,"Seagate"
1998,"HPD cleaning",756269,"Seagate"
1999,"หัวใจก็เหงาหัวเข่าก็เสื่อม",755700,"Seagate"
2000,"随便玩",755687,"Seagate"
2001,"No Coffee No Work",755658,"Seagate"
2002,"FRC Facilities ",755638,"Seagate"
2003,"สามัคคีคือ..(พัง)",755455,"Seagate"
2004,"PessE",755236,"Seagate"
2005,"วิ่งสาธุ999",754864,"Seagate"
2006,"QPMสุดหล่อ",754494,"Seagate"
2007,"VOC Reduction",754330,"Seagate"
2008,"🐷3ชั้น",753718,"Seagate"
2009,"trio",753349,"Seagate"
2010,"Jenny and the pacemakers",753089,"Seagate"
2011,"♥️คนละก้าว
",752726,"Seagate"
2012,"ก้าวก้าวก้าว",752648,"Seagate"
2013,"walk away",751880,"Seagate"
2014,"เดินหมื่นก้าวข้าวหมื่นแคล🧋",751761,"Seagate"
2015,"FA hay hay!!!!",751496,"Seagate"
2016,"Lone Wolfpack",750825,"Seagate"
2017,"ไวโอเลต",750789,"Seagate"
2018,"The Leisure Ones",750637,"Seagate"
2019,"Five Feet of Fury",750376,"Seagate"
2020,"The Walking Standards",750218,"Seagate"
2021,"Comet team-C ข้างคลอง",749993,"Seagate"
2022,"เล่นตัว",749906,"Seagate"
2023,"Go exercise",749647,"Seagate"
2024,"AEIOU",749605,"Seagate"
2025,"หาวทั้งวัน🥱",748774,"Seagate"
2026,"1000 ก้าว
",747724,"Seagate"
2027,"Hamtaro Run",746925,"Seagate"
2028,"Mozaic 5+",746695,"Seagate"
2029,"Ggfff",746470,"Seagate"
2030,"หวานเจี๊ยบ Repair Korat

",745932,"Seagate"
2031,"ก้าวกันไป...",745259,"Seagate"
2032,"fabulous",744873,"Seagate"
2033,"ความเร็วของหอยทาก",744762,"Seagate"
2034,"PSIS",744648,"Seagate"
2035,"Awesome",744609,"Seagate"
2036,"ร่วมมือร่วมใจ",744423,"Seagate"
2037,"ทัวส์ริ่ง",744281,"Seagate"
2038,"บุ้งกี้",744120,"Seagate"
2039,"♥️ดาวศุกร์",744034,"Seagate"
2040,"ช่วยกันเดินช่วยกันก้าว",743849,"Seagate"
2041,"ชาวคอก เสียงดัง โวยวาย",743198,"Seagate"
2042,"Sky",743150,"Seagate"
2043,"Queen ",743054,"Seagate"
2044,"เดินไปเลื่อยๆ",742792,"Seagate"
2045,"ก้าววันละนิด พอได้ปวดขา",742475,"Seagate"
2046,"Roaming Runma",742437,"Seagate"
2047,"凯乐石",742368,"Seagate"
2048,"สุขภาพดีทั่วหน้า",741850,"Seagate"
2049,"เเก๊ง..ฟันไม่เเปลง..",741833,"Seagate"
2050,"เภสัชกรีฑา",741827,"Seagate"
2051,"Go",741753,"Seagate"
2052,"โต๋เต๋🐢",741013,"Seagate"
2053,"วิ่งก็ได้",740742,"Seagate"
2054,"หวานเจี๊ยบ🌶️🌶️🌶️",740327,"Seagate"
2055,"วัยรุ่นปวดหลัง 🤣",739854,"Seagate"
2056,"Sukisukisukiii",739832,"Seagate"
2057,"นุ",739831,"Seagate"
2058,"แค่ยืนยังเซ",739614,"Seagate"
2059,"คู่หูกายภาพ",739471,"Seagate"
2060,"อ้วนไม่ไหว",738905,"Seagate"
2061,"ไปเดินกัน",738789,"Seagate"
2062,"Moo",738445,"Seagate"
2063,"ตัวเล็ก ตัวน้อย",738287,"Seagate"
2064,"Greentree",737898,"Seagate"
2065,"RHT DVL",737214,"Seagate"
2066,"Beat the goats",737109,"Seagate"
2067,"หมื่นก้าว",736734,"Seagate"
2068,"Walk for you",736248,"Seagate"
2069,"You never walk alone ",735990,"Seagate"
2070,"ไม่บอก 🤫",735535,"Seagate"
2071,"ติดเตียง",735510,"Seagate"
2072,"Avengers ",735431,"Seagate"
2073,"SHKPB",735314,"Seagate"
2074,"หมูบิน🐷🐽",735152,"Seagate"
2075,"COCONUT ",735057,"Seagate"
2076,"ก้าวไม่ไหวแล้วครับ",734805,"Seagate"
2077,"🎉🎉 หึ้ย หึ้ย  🎉🎉",734118,"Seagate"
2078,"พันธ์ุไทย",732982,"Seagate"
2079,"IRON SYNDICATE",732671,"Seagate"
2080,"Walking walking",732471,"Seagate"
2081,"Nextstep",732241,"Seagate"
2082,"🇲🇾G-FIT ",732232,"Seagate"
2083,"แอปเปิ้ล",732206,"Seagate"
2084,"ห๊ะ....อะไรนะ!!!
",731497,"Seagate"
2085,"Back cat",731173,"Seagate"
2086,"Innovation Orbit",730517,"Seagate"
2087,"จำไม่ได้",730416,"Seagate"
2088,"DLC8888",730271,"Seagate"
2089,"Angel",730119,"Seagate"
2090,"Cwo.city",730105,"Seagate"
2091,"King👑",729270,"Seagate"
2092,"CAN",729191,"Seagate"
2093,"น่ารัก💗",729140,"Seagate"
2094,"  วิ่งกับเฟิร์ส
",729075,"Seagate"
2095,"Power Man Run",728847,"Seagate"
2096,"melody",728371,"Seagate"
2097,"สวย สะดุด🫦",727899,"Seagate"
2098,"กะซางเด้อ",727867,"Seagate"
2099,"SLOTH 🦥",727863,"Seagate"
2100,"กลาโหม",727557,"Seagate"
2101,"สองเราเท่านั้น",727531,"Seagate"
2102,"CakeColour ",727497,"Seagate"
2103,"MatimunWannakorn",727395,"Seagate"
2104,"Baby Steps",727323,"Seagate"
2105,"เดินวันละนิดจิตแจ่มใส😄✌🏻",727193,"Seagate"
2106,"หัวเจิ้ม",727105,"Seagate"
2107,"Metrology team A",727017,"Seagate"
2108,"คิดไม่ออก😂",726223,"Seagate"
2109,"9ไปด้วยกัน💗",726009,"Seagate"
2110,"กะดึ๊บๆ🐛🍎",725885,"Seagate"
2111,"อ้วนss ",725875,"Seagate"
2112,"อะไรคือทีม🏆",725605,"Seagate"
2113,"DTE Together",725507,"Seagate"
2114,"บวมเบียร์ 🍺",725234,"Seagate"
2115,"Irontrains",725182,"Seagate"
2116,"Hash Dash",725080,"Seagate"
2117,"FA (fat analysis)",725026,"Seagate"
2118,"MRB PE",724575,"Seagate"
2119,"เดินสะบัด ",724469,"Seagate"
2120,"More billions",724075,"Seagate"
2121,"ทีมกินไข่  🥚(❁´◡`❁)🥚",723293,"Seagate"
2122,"Cal-lab",723118,"Seagate"
2123,"เดินบ้างนะ",722541,"Seagate"
2124,"3 ช่า 5 บาท",722066,"Seagate"
2125,"神奇",721466,"Seagate"
2126,"???",721328,"Seagate"
2127,"Debug team B",721266,"Seagate"
2128,"สมบูรณ์",721178,"Seagate"
2129,"CWO",721020,"Seagate"
2130,"เล็บกูหลุด
",720412,"Seagate"
2131,"🐯🐉",720144,"Seagate"
2132,"น้ำแข็ง โซดา",720000,"Seagate"
2132,"Walk&Work&Win",720000,"Seagate"
2134,"คนสวยวิ่ง💚🤍",719123,"Seagate"
2135,"The Daily Dashers",718926,"Seagate"
2136,"Chinnagounder",718904,"Seagate"
2137,"Heel Yeah",718762,"Seagate"
2138,"Chill, chill",718698,"Seagate"
2139,"กล๊มกลม",718451,"Seagate"
2140,"步履生花",718020,"Seagate"
2141,"ลูกรักกAI 🤟😘
",717621,"Seagate"
2142,"Run for Life",717455,"Seagate"
2143,"Mighty Movers",717391,"Seagate"
2144,"ชิโน๊ะซึเกะ",717312,"Seagate"
2145,"คอเคล็ด",716869,"Seagate"
2146,"Rain ",716764,"Seagate"
2147,"pack202",716671,"Seagate"
2148,"เตาะแตะ🐢",716396,"Seagate"
2149,"วิ่ง วิ่ง วิ่ง",716061,"Seagate"
2150,"แมวอ้วนเดินไม่ไหว",715673,"Seagate"
2151,"Walking ",715112,"Seagate"
2152,"มิตรภาพลาบ",715079,"Seagate"
2153,"C/Rหวานจ้อยย",714995,"Seagate"
2154,"นอนยังเหนื่อย",714901,"Seagate"
2155,"สามแม่ครัว",714625,"Seagate"
2156,"CR4 ",714568,"Seagate"
2157,"M a Bee",714565,"Seagate"
2158,"let's go😺",714178,"Seagate"
2159,"🇹🇭 Finance_04",713444,"Seagate"
2160,"รองช้ำ",713227,"Seagate"
2161,"พาแล่น",711784,"Seagate"
2162,"น่องเหล็กแสนห้า",711710,"Seagate"
2163,"เดินเล่นไปเซ็นเหล้า",711654,"Seagate"
2164,"แบกพุงเดิน",711646,"Seagate"
2165,"快乐续航",711344,"Seagate"
2166,"Support A
",711229,"Seagate"
2167,"ก้าวไปที่ชอบ",710975,"Seagate"
2168,"ทรงลุง😆",709970,"Seagate"
2169,"Firework",709752,"Seagate"
2170,"พงษ์เดอะแบก",709414,"Seagate"
2171,"เอ็มออนิว",709160,"Seagate"
2172,"SamsibSingha",708918,"Seagate"
2173,"กิโลนี้มีน้ำตา🏃‍♀️😭",708690,"Seagate"
2174,"WAVAP",708507,"Seagate"
2175,"วิ่งก็วิ่ง",708453,"Seagate"
2175,"CLO’VER🍀",708453,"Seagate"
2177,"วิ่งถลุโลก",708226,"Seagate"
2178,"ด่านขุนทด เด้อ",707445,"Seagate"
2179,"Fat Fat",707171,"Seagate"
2180,"ปั้นหุ่นไซส์ S",706802,"Seagate"
2181,"อเวจี🥱​",706773,"Seagate"
2182,"Tired ",706670,"Seagate"
2183,"MI/HDM Healthy Club",706660,"Seagate"
2184,"Kitting 4",706528,"Seagate"
2185,"infinity",706075,"Seagate"
2186,"Step Running ",705926,"Seagate"
2187,"C3大师队",705853,"Seagate"
2188,"นมข้นหวาน",705359,"Seagate"
2189,"ซีซี",705199,"Seagate"
2190,"ก้าวเล็กๆในวันนี้",704834,"Seagate"
2191,"เดินไปเรือย",704645,"Seagate"
2192,"เดินหน้า2ก้าว ถอยหลัง3ก้าว",704498,"Seagate"
2193,"ชิว",704482,"Seagate"
2194,"มีแต่หมู🐷",704444,"Seagate"
2195,"SeaGaiters",704424,"Seagate"
2196,"META#1",703844,"Seagate"
2197,"Apple🥹🥹🥹",703328,"Seagate"
2198,"Read More Books",703202,"Seagate"
2199,"Take big steps towards your dreams!",703116,"Seagate"
2200,"ทีมนี้มีรางวัล",702859,"Seagate"
2201,"AvengerB
",702317,"Seagate"
2202,"Dahlia",702301,"Seagate"
2203,"🐜",702287,"Seagate"
2204,"IE HGA#1",701294,"Seagate"
2205,"แก๊งหมูป่า",700814,"Seagate"
2206,"พร้อมสวย",700649,"Seagate"
2207,"Liverpool",700622,"Seagate"
2207,"Energy ",700622,"Seagate"
2209,"แข่งกันลด",700246,"Seagate"
2210,"เดินให้ตายก็ตามเขาไม่ทัน",700053,"Seagate"
2211,"Very good ",699712,"Seagate"
2212,"go go run",699602,"Seagate"
2213,"วาฬพ่นน้ำ 🐋",699353,"Seagate"
2214,"ขี่โพนี่",699279,"Seagate"
2215,"วัยรุ่นปวดเข่า",699187,"Seagate"
2216,"เดินๆย่องๆ",699113,"Seagate"
2217,"สุขภาพดี เริ่มที่ก้าวแรก1",698992,"Seagate"
2218,"เรนโบว์",698755,"Seagate"
2219,"Run and Ran",698651,"Seagate"
2220,"เดินคุยไปวันๆ",698392,"Seagate"
2221,"Jigsaw",698285,"Seagate"
2222,"Amazon MP Energy",697961,"Seagate"
2223,"เต่าเตาะแตะ",697838,"Seagate"
2224,"พิชิตเป้าหมาย",696604,"Seagate"
2225,"หัวจะปวด😂",696458,"Seagate"
2226,"快乐每一步",696290,"Seagate"
2227,"FAC for healthy",696234,"Seagate"
2228,"✅️PCBA🍀✨️",696227,"Seagate"
2229,"US ITA",695308,"Seagate"
2230,"เดิน เดิน",694970,"Seagate"
2231,"ทรงลุง​ ลงพุง",694892,"Seagate"
2232,"ดาวนาเม็ก",694874,"Seagate"
2233,"Marathon",694812,"Seagate"
2234,"Walk SupSup...SupSon👠",694647,"Seagate"
2235,"B-W2-WH Team 1",693333,"Seagate"
2236,"敢死队",693229,"Seagate"
2237,"Cwo😎",692783,"Seagate"
2238,"ก้าวไป",692756,"Seagate"
2239,"🍑😒",692702,"Seagate"
2240,"wanyen",692657,"Seagate"
2241,"Seagate23",692452,"Seagate"
2242,"🫥🫥",691650,"Seagate"
2243,"ซกลก",691287,"Seagate"
2244,"5ตัวร้อย💯",690746,"Seagate"
2245,"ลิงถือลูกท้อ
",689687,"Seagate"
2246,"Run Run Run 💪",689634,"Seagate"
2247,"CheetahW3",689509,"Seagate"
2248,"EVF มักเดิน",689288,"Seagate"
2249,"200L",689147,"Seagate"
2250,"cmt
",689079,"Seagate"
2251,"  Fast9",688903,"Seagate"
2252,"MSL Eater club",688763,"Seagate"
2253,"FSE แก๊งซื้อชา",688606,"Seagate"
2254,"ชอบนอน😴",688527,"Seagate"
2255,"Ranhun hun🏃🏻‍➡️",687822,"Seagate"
2256,"หลอกลวง",687820,"Seagate"
2257,"Strong Girl 💪",687695,"Seagate"
2258,"นก'กระปูด🐦🥇",687487,"Seagate"
2259,"หมีพู",687371,"Seagate"
2260,"知行合一",687051,"Seagate"
2261,"system B
",686634,"Seagate"
2262,"NOT FOUND",686485,"Seagate"
2263,"the walking deads",686087,"Seagate"
2264,"คนจะผอม🤣",685665,"Seagate"
2265,"สายบุญ Walk & Run",685640,"Seagate"
2266,"วิ่งเพื่อน้อง✌️✌️✌️",685093,"Seagate"
2267,"คนงาม",685042,"Seagate"
2268,"5 ตัวตึงถึงบ้านนอน",684997,"Seagate"
2269,"🇹🇭 Finance_05 Usaha Team 🐣",683916,"Seagate"
2270,"Not Fast Just Furious",683264,"Seagate"
2271,"PITSTOP A",682924,"Seagate"
2272,"Scale Up",682597,"Seagate"
2273,"A-Angel",682456,"Seagate"
2274,"ก้าวสองสิบแปด
",681966,"Seagate"
2275,"Tiny Bears",681287,"Seagate"
2276,"นกแก้ว",681247,"Seagate"
2277,"Gen2",681108,"Seagate"
2278,"Run for health🐒",681075,"Seagate"
2279,"FireSideChat",680999,"Seagate"
2280,"Ikkyu",680310,"Seagate"
2281,"Harmony",680242,"Seagate"
2282,"ก้าวด้วยใจไปด้วยกัน",678845,"Seagate"
2283,"ขนมปังแก้มอ้วม",678664,"Seagate"
2284,"candy girl",678392,"Seagate"
2285,"Slide เด้อ",677778,"Seagate"
2286,"เดินสิครับ😜",677672,"Seagate"
2287,"วิ่งน้อยแต่ร้อยรูป",677463,"Seagate"
2288,"吃吃白相相",677437,"Seagate"
2289,"TK_DTE Office team",677195,"Seagate"
2290,"Deemooys",676879,"Seagate"
2291,"ยอง ยอง 
",676772,"Seagate"
2292,"วิ่งแล้วสวย",676691,"Seagate"
2293,"Like Walk FC.",676554,"Seagate"
2294,"The winner noi",676192,"Seagate"
2295,"อะไรดี",675845,"Seagate"
2296,"KittyPonyบางระจัน",675744,"Seagate"
2297,"กะลอกกะแลก",675719,"Seagate"
2298,"ไม่บอกอย่าหลอกถาม",675527,"Seagate"
2299,"Strolling Stone",675150,"Seagate"
2300,"ชายเดียว",674966,"Seagate"
2301,"TEAM WORK 💪💪💪",674813,"Seagate"
2302,"ก้าวด้วยใจ",673983,"Seagate"
2303,"ซอมบี้
",673851,"Seagate"
2304,"China CS 熊猫冲冲队",673528,"Seagate"
2305,"Beauty aesy",673464,"Seagate"
2306,"สุขภาพดี",673036,"Seagate"
2307,"เดินดิ่วะ",672848,"Seagate"
2308,"Fit for Life ",672674,"Seagate"
2309,"งึด",672650,"Seagate"
2310,"Walking_group",672616,"Seagate"
2311,"RanRanRan",672182,"Seagate"
2312,"快乐摸鱼",671754,"Seagate"
2313,"แก๊งส์นี้​ผอมแน่🤩​",671259,"Seagate"
2314,"✌️",671197,"Seagate"
2315,"Hello ",670841,"Seagate"
2316,"กลิ่นฝน",670810,"Seagate"
2317,"jia you @win ",670632,"Seagate"
2318,"ก็สวยเนาะ😂
",670625,"Seagate"
2319,"EDE ร่างทอง",670250,"Seagate"
2320,"ใส่ใจสุขภาพ",670175,"Seagate"
2321,"It's crazy 🤣",670163,"Seagate"
2322,"เดินงงกว่า",670107,"Seagate"
2323,"ตั้งใจเดิน ",669831,"Seagate"
2324,"สีฟ้า
",669320,"Seagate"
2325,"WxServoMech",669102,"Seagate"
2326,"80's Teams",668961,"Seagate"
2327,"Shadow Hunters–นักล่าเงา",668800,"Seagate"
2328,"ไหวบ่อน้อ✌️",668245,"Seagate"
2329,"healthy",668074,"Seagate"
2330,"T ฯ 9",667514,"Seagate"
2331,"ผอมบาง",667492,"Seagate"
2332,"STORM RUNNERS",666882,"Seagate"
2333,"SEAGATEวิ่งสู้ฟัด",666844,"Seagate"
2334,"super dog",666830,"Seagate"
2335,"แก๊งขาเบียด",666131,"Seagate"
2336,"🐌หอยทาก
",665988,"Seagate"
2337,"4สาว&ชายชรา",664993,"Seagate"
2338,"คะยึกเดิน",664417,"Seagate"
2339,"Walking ",664264,"Seagate"
2340,"แก๊งอินดี้",664130,"Seagate"
2341,"my angel.",663377,"Seagate"
2342,"Tree two one",663074,"Seagate"
2343,"ชีวิตไม่ติดหรู ติดแต่หนี้
",662985,"Seagate"
2344," ESD ก้าวให้ไกล ไปให้ถึง",662501,"Seagate"
2345,"วัยรุ่นคลีนรูม",661809,"Seagate"
2346,"ภาคีเงาอนัน",661755,"Seagate"
2347,"BLACKPINK",661322,"Seagate"
2348,"🇹🇭 Bye bye belly ",661151,"Seagate"
2349,"เดินแกร่ง แรงไม่มีตก",661001,"Seagate"
2350,"burn",660534,"Seagate"
2351,"Matcha Latte♡︎🤏🏻",660351,"Seagate"
2352,"ช่วยกันคนล่ะ929",660157,"Seagate"
2353,"ทีมงานอนอัว",660098,"Seagate"
2354,"เดินเพื่อสุขภาพดีมาก",659648,"Seagate"
2355,"ใบไม้
",659474,"Seagate"
2356,"คนอยากผอม✌️✌️",658772,"Seagate"
2357,"Limitless ",658295,"Seagate"
2358,"เริ่ดเลยละ",658087,"Seagate"
2359,"Jongru run",657856,"Seagate"
2360,"รัน ยัง",657537,"Seagate"
2361,"Test Dynamics",657483,"Seagate"
2362,"เดินแบบสับๆ",656659,"Seagate"
2363,"Nokstar",656601,"Seagate"
2364,"Walk-Work-Walk",656385,"Seagate"
2365,"Seagate Singapore Team",655928,"Seagate"
2366,"นับก้าว",655842,"Seagate"
2367,"超越梦想队",655811,"Seagate"
2367,"ล่าก้าวเพื่อสุขภาพ",655811,"Seagate"
2369,"เดินไปพร้อมกัน",655491,"Seagate"
2370,"House Ten
",655288,"Seagate"
2371,"Smile Smile",654604,"Seagate"
2372,"GRRSSC",654136,"Seagate"
2373,"Snook",654009,"Seagate"
2373,"BEAR🏝️",654009,"Seagate"
2375,"3 ใบเถา",653705,"Seagate"
2376,"Santaii✨",653318,"Seagate"
2377,"ก้าวไปข้างหน้า",653016,"Seagate"
2378,"Planner team",652606,"Seagate"
2379,"ตี๋อย่าทิ้งพี่",652454,"Seagate"
2380,"WWBE",652335,"Seagate"
2381,"Mymelody walk",652262,"Seagate"
2382,"เดินแลกยิ้ม",651844,"Seagate"
2383,"Win 2026",651597,"Seagate"
2384,"BMI优化队",651489,"Seagate"
2385,"Ready",651316,"Seagate"
2386,"037",650632,"Seagate"
2387,"เดินนับก้าว แต่ข้าวหมดจาน",650534,"Seagate"
2388,"🌻ทานตะวัน",650325,"Seagate"
2389,"Running girls with Numtee",650298,"Seagate"
2390,"เดินไปด้วยกันนะ",650141,"Seagate"
2391,"HAHA5555++++🍏🍊🩷💪🥳",649418,"Seagate"
2392,"Nirvana",649197,"Seagate"
2393,"Shans Step ",647828,"Seagate"
2394,"PowerPuff Girls",647766,"Seagate"
2395,"เจ็ทจะผอมกี่โมง✈️",647738,"Seagate"
2396,"Smile love ",647584,"Seagate"
2397,"แรงโยกอาตมา",646333,"Seagate"
2398,"Install A",646124,"Seagate"
2399,"สวยที่สุด",645370,"Seagate"
2400,"กลุ่มลับสายบิด",645094,"Seagate"
2401,"ขยับไปนำกันเด้อ",644474,"Seagate"
2402,"เหล่ท่อ",644381,"Seagate"
2403,"city2",643236,"Seagate"
2404,"แข็งใหญ่ยาว",642653,"Seagate"
2405,"เกี๊ยวซ่า",642632,"Seagate"
2406,"ขนมหวาน",642608,"Seagate"
2407,"TMB",642076,"Seagate"
2408,"Baby",641875,"Seagate"
2409,"AN",641345,"Seagate"
2410,"AOI TeAm",641033,"Seagate"
2411,"时尚猫咪",640372,"Seagate"
2412,"🐽",640071,"Seagate"
2413,"เราจะสู้ไปด้วยกัน
",639922,"Seagate"
2414,"4 ล้อ",639155,"Seagate"
2415,"ลูกหมู🐷",639011,"Seagate"
2416,"Banana55",638434,"Seagate"
2417,"แก๊งคนผอม",638039,"Seagate"
2418,"RunRun",637762,"Seagate"
2419,"摸鱼奶茶队",637642,"Seagate"
2420,"Dreamrun ",637199,"Seagate"
2421,"🦃บินเดี่ยว🐥",636807,"Seagate"
2422,"The Engagement Engine",636778,"Seagate"
2423,"Bandwidth Babes",636246,"Seagate"
2424,"เต่ากินทอง",635836,"Seagate"
2425,"一步",635467,"Seagate"
2426,"Together❤️",634857,"Seagate"
2427,"ไวกว่าลิง",634666,"Seagate"
2428,"   วิ่งกลิ้ง",634569,"Seagate"
2429,"เฟิร์น",634437,"Seagate"
2430,"เริ่มก้าวเพื่อสุขภาพ✌️",634419,"Seagate"
2431,"🏞️",634122,"Seagate"
2432,"Faboulous",633969,"Seagate"
2433,"🦦✨",633819,"Seagate"
2434,"กลุ่มอะไร?
",633343,"Seagate"
2435,"Riize",633090,"Seagate"
2436,"EI&ES Pune",632873,"Seagate"
2437,"ลูกหมู",632012,"Seagate"
2438,"爱好运动",631875,"Seagate"
2439,"team baik punya",631621,"Seagate"
2440,"我们",631236,"Seagate"
2441,"ไหวมั้ยย",631111,"Seagate"
2442,"Red Hot Chilli Steppers",631057,"Seagate"
2443,"CSS Fighting",630517,"Seagate"
2444,"ลูกชิ้น",630190,"Seagate"
2445,"เดินไปเลื่อย",629480,"Seagate"
2446,"เดินวันละรอบ",629236,"Seagate"
2447,"step together",629004,"Seagate"
2448,"ปุยนุ่น",628481,"Seagate"
2449,"วัยรุ่นปวดขาาาา",628307,"Seagate"
2450,"驽马联盟",627955,"Seagate"
2451,"Monday",627805,"Seagate"
2452,"ทีม ก้าวเดิน",627474,"Seagate"
2453,"快乐飞吧",627295,"Seagate"
2454,"red bags select",626801,"Seagate"
2455,"ABOD Days",626642,"Seagate"
2456,"Springtown c shift",626327,"Seagate"
2457,"WTSYS",626144,"Seagate"
2458,"เรณู",626026,"Seagate"
2459,"Future Force ",625972,"Seagate"
2460,"123เย้",625663,"Seagate"
2461,"ฟันเหล็ก",625468,"Seagate"
2462,"TMS run",625297,"Seagate"
2463,"พราวนภา",625259,"Seagate"
2464,"ดื้ออินซูลิน",625155,"Seagate"
2465,"Pixxy",624141,"Seagate"
2466,"หม่อง",624063,"Seagate"
2467,"Triump",624053,"Seagate"
2468,"SADA😎",624002,"Seagate"
2469,"哈喽凯蒂猫",623866,"Seagate"
2470,"น้องหมีขาว",623303,"Seagate"
2471,"Team Alloy",623034,"Seagate"
2472,"มี้สั่งเก็บ",622362,"Seagate"
2473,"赤影疾锋",622123,"Seagate"
2474,"โดน",622088,"Seagate"
2475,"Alcoholic ",622057,"Seagate"
2476,"Team Aktif",622012,"Seagate"
2477,"WalkKAKI",621884,"Seagate"
2478,"กลุ่มที่ไม่มีชื่อ
",621838,"Seagate"
2479,"Butterfly🦋",621816,"Seagate"
2480,"Bovie 
",621812,"Seagate"
2481,"LongBoard",621003,"Seagate"
2482,"The Stride Force",620909,"Seagate"
2483,"อะไร เอ่ย!!",620846,"Seagate"
2484,"ยอดเยี่ยม",620757,"Seagate"
2485,"ลูกหมา🐶",620641,"Seagate"
2486,"สองสาวสุดแซ่บ",620523,"Seagate"
2487,"MES Monsters",620348,"Seagate"
2488,"ก้าวไม่ไหว...เฮ้ย
",619700,"Seagate"
2489,"ME Step Bros",619695,"Seagate"
2490,"กุดจี่โต้ลม",619527,"Seagate"
2491,"แซ่บหลาย ",618881,"Seagate"
2492,"Non wash team A",618714,"Seagate"
2493,"กลุ่มคนรักษ์พระ",618700,"Seagate"
2494,"Aon",618550,"Seagate"
2495,"ค่อยๆคลาน",618254,"Seagate"
2496,"ก้าวๆๆเดินอย่างมั่นใจ 

",618210,"Seagate"
2497,"ซัน",618205,"Seagate"
2498,"Shortcut",617753,"Seagate"
2499,"Walk👟",617453,"Seagate"
2500,"พร้อมก้าว
",617368,"Seagate"
2501,"ก้อนเมฆ",617364,"Seagate"
2502,"คนหลังเขา",617072,"Seagate"
2503,"仙女队",616899,"Seagate"
2504,"หายใจยังติดขัด จะให้วิ่งจัดได้ยังไง",616663,"Seagate"
2505,"หมู หมู",616513,"Seagate"
2506,"Move your assets",616246,"Seagate"
2507,"Healthy Striders",615865,"Seagate"
2508,"คนไร้บ้าน",615552,"Seagate"
2509," ตามหาเธอ",615438,"Seagate"
2510,"元气满满的团队",615407,"Seagate"
2511,"ลองเดินดูดุ",615096,"Seagate"
2512,"C-ZAAA",614659,"Seagate"
2513,"หมูชวนวิ่ง",614647,"Seagate"
2514,"zhengJun队",614643,"Seagate"
2515,"Crobra",614235,"Seagate"
2516,"OISHI🐰🐒🐥🐌",614075,"Seagate"
2517,"Good life Good Health ",613979,"Seagate"
2518,"Good Vibrations",613475,"Seagate"
2519,"อยู่ไม่ไหว🖤",613376,"Seagate"
2520,"อะโก๊ะ",612996,"Seagate"
2521,"Teletubby After Dark ",612905,"Seagate"
2522,"สุขภาพดี๋ดี",612534,"Seagate"
2523,"Running’s ",611812,"Seagate"
2524,"Mala Lover 🍜",611692,"Seagate"
2525,"swage push out",611274,"Seagate"
2526,"流年往返",610999,"Seagate"
2527,"Arne🏃‍♀️‍➡️",610904,"Seagate"
2528,"maxi jazz",610873,"Seagate"
2529,"Walk ",609136,"Seagate"
2530,"希捷移动硬盘",608947,"Seagate"
2531,"ยันหว่าง ไม่ได้เมานะ ส่องกล้อง🫪🔬",608821,"Seagate"
2532,"วิ่งๆๆๆ เดินๆๆๆ",608647,"Seagate"
2533,"ย่างหมู",608619,"Seagate"
2534,"เดินไป11",608508,"Seagate"
2535,"Step hunters 🍀",608351,"Seagate"
2536,"ระยองฮิสั้น",607977,"Seagate"
2537,"สาวน้อย100โล",607963,"Seagate"
2538,"Wellness Intelligence Unit (WIU)",607600,"Seagate"
2539,"ตะมุตะมิ Walk",607150,"Seagate"
2540,"นับก้าวจนเท้าเคล็ด",607099,"Seagate"
2541,"章chunyan",606682,"Seagate"
2542,"เดินเหนื่อย",606643,"Seagate"
2543,"คนเริ่ด🤣",606523,"Seagate"
2544,"Ready SETS Go!! 🫡",606026,"Seagate"
2545,"MSL Lab🐷",606019,"Seagate"
2546,"En-127",605957,"Seagate"
2547,"走路没风",605222,"Seagate"
2548,"ทีม Work",604495,"Seagate"
2549,"SG_BAS",604332,"Seagate"
2550,"Thebig",603609,"Seagate"
2551,"กุหลาบ",603085,"Seagate"
2552,"建国路健身小分队",602959,"Seagate"
2553,"Seagate Korat Table Tennis Club #1",602437,"Seagate"
2554,"Force runs",602352,"Seagate"
2555,"Pro Girls",602337,"Seagate"
2556,"Step by Step 🤎",602291,"Seagate"
2557,"SPDS TEAM WORK",602178,"Seagate"
2558,"ยกๆเดินๆ",602069,"Seagate"
2559,"PEA_Gang",601704,"Seagate"
2560,"แข็งโป๊ก!!",601054,"Seagate"
2561,"อเมริกาโน่หนึ่งแก้ว",600883,"Seagate"
2562,"#ท้ายคุคิ!!",600821,"Seagate"
2563,"The Gainz Analysts",600742,"Seagate"
2564,"โจรป่า ล่าวิ่ง",600667,"Seagate"
2565,"อะไรว้า",600642,"Seagate"
2566,"Trio+",600203,"Seagate"
2567,"C-ZAA",600030,"Seagate"
2568,"ป้อมสายแซ่บ",599789,"Seagate"
2569,"tuberose",599252,"Seagate"
2570,"นำไปก่อน",599177,"Seagate"
2571,"Little bee 🐝",598957,"Seagate"
2572,"(Fedfe)​",598845,"Seagate"
2573,"เดอะแก๊งค์",597718,"Seagate"
2574,"เดินวนไป🥰",597525,"Seagate"
2575,"Healthy Tasty",597351,"Seagate"
2576,"KariCrew",597205,"Seagate"
2577,"วานิลลา",596591,"Seagate"
2578,"Step for life",596297,"Seagate"
2579,"plate utd
",596019,"Seagate"
2580,"ทรงลุง",595765,"Seagate"
2581,"ก้าวทีละเก้า",595689,"Seagate"
2582,"เดินแบบผู้ดี",595509,"Seagate"
2583,"เดินเพื่อสุขภาพ วิ่งเพื่อชัยชนะ",595265,"Seagate"
2584,"ห๊ะๆ🧐อะไรนะ",595232,"Seagate"
2585,"Step to Step 
",595210,"Seagate"
2586,"🩷",594728,"Seagate"
2587,"แก็งค์ Hayday 🐷",594586,"Seagate"
2588,"อย่างวิ่งงง",594451,"Seagate"
2589,"Walking ",594306,"Seagate"
2590,"时尚小分队。",594078,"Seagate"
2591,"一起加油",593600,"Seagate"
2592,"kai 🐎",593586,"Seagate"
2593,"💖",593327,"Seagate"
2594,"เดินทุกวัน",593054,"Seagate"
2595,"Sihat selalu",592949,"Seagate"
2596,"Pooperm",592937,"Seagate"
2597,"ชวนกันเดิน",592930,"Seagate"
2598,"seagte137",592676,"Seagate"
2599,"GASAK",592193,"Seagate"
2600,"คนเดียวก็ดี",592136,"Seagate"
2601,"king Kong
",591958,"Seagate"
2602,"💚",591669,"Seagate"
2603,"เดินไปไหน.",591590,"Seagate"
2604,"สวย",591523,"Seagate"
2605,"Dog Walkers in Fremont",591518,"Seagate"
2606,"🩵หัวใจสีฟ้า",591277,"Seagate"
2607,"One Seagate, Many Knees ",591037,"Seagate"
2608,"Pookki",590879,"Seagate"
2609,"เดินทำไม.?",590309,"Seagate"
2610,"StepZilla🦖踩屎啦",589977,"Seagate"
2611,"เดิน เดิน เดิน 888",589912,"Seagate"
2612,"✨ Funny Is Sure (FIS) ✨",589803,"Seagate"
2613,"静慧",589518,"Seagate"
2614,"🤍",589502,"Seagate"
2615,"Creative Soleutions",588088,"Seagate"
2616,"Gmn line 13",588061,"Seagate"
2617,"ไดอารี่",588045,"Seagate"
2618,"Friday rue yang",588028,"Seagate"
2619,"มาดถาน",587694,"Seagate"
2620,"ขยันเดิน✌🏻",587233,"Seagate"
2621,"Extrovert and Introvert ",587099,"Seagate"
2622,"JBS Angel",585923,"Seagate"
2623,"หมูปีศาจ",585914,"Seagate"
2624,"WeekชนWeek",585211,"Seagate"
2625,"ผอมแน่ๆ",584891,"Seagate"
2626,"เต้าหู้นิ่ม",584558,"Seagate"
2627,"Forword>>>>",584481,"Seagate"
2628,"สู้เพื่อแม่",584405,"Seagate"
2629,"ABC",584165,"Seagate"
2630,"วิ่งเต้นระเบียบ",584049,"Seagate"
2631,"Sai Ngam Room",583733,"Seagate"
2632,"Supper sloth",583320,"Seagate"
2633,"ก้าวไม่ไหวๆ",583299,"Seagate"
2634,"MSL ",583095,"Seagate"
2635,"Kitty noii",582963,"Seagate"
2636,"ชบาแก้ว",582613,"Seagate"
2637,"คนละก้าวไปพร้อมกัน",582459,"Seagate"
2638,"I love running ",582375,"Seagate"
2639,"Well done",581500,"Seagate"
2640,"ช้างน้อย มินิ",581455,"Seagate"
2641,"Ma noi",581212,"Seagate"
2642,"ฉงน😳",580997,"Seagate"
2643,"คนสวยสุด",580724,"Seagate"
2644,"เต่ากับกระต่าย",580347,"Seagate"
2645,"MSL Co Li Pop",580260,"Seagate"
2646,"ก้าวข้าม",580016,"Seagate"
2647,"เป็นหนึ่งในใต้หล้า",579696,"Seagate"
2648,"วิ่งไม่ทัน แต่ยันสุดใจ
",579450,"Seagate"
2649,"เพื่อนกัน💚",579407,"Seagate"
2650,"Fast work",579052,"Seagate"
2651,"Dunk",578710,"Seagate"
2652,"สวยสุดซอย ❤️",578450,"Seagate"
2653,"SWAD นักวิ่ง",578379,"Seagate"
2654,"Ashift vac esg",578297,"Seagate"
2655,"น้องน้อยคอยรัก😁😁",578243,"Seagate"
2656,"คุกกี้รัน",578086,"Seagate"
2657,"Flash turtle ",578003,"Seagate"
2658,"RWK",577812,"Seagate"
2659,"Drive clean room 4/2",577492,"Seagate"
2660,"大雕队",577324,"Seagate"
2661,"元宝团子",576771,"Seagate"
2662,"  หมูอ้วนแก๊ง",576442,"Seagate"
2663,"ขาไหว ไปต่อ",576301,"Seagate"
2664,"ขาแรงขาโหด",575675,"Seagate"
2665,"Son of the Gun",575357,"Seagate"
2666,"TK.DriveTest01",575222,"Seagate"
2667,"Kang jaa",575181,"Seagate"
2668,"นารีรันนิ่ง",574754,"Seagate"
2669," ช่างเชื่อม",574453,"Seagate"
2670,"ชาบู หมูกระทะ",574348,"Seagate"
2671,"走四方",573927,"Seagate"
2672,"ข้าวเหนียว",573916,"Seagate"
2673,"แค่อยากชนะ",573879,"Seagate"
2674,"Ryouiki Tenkai",573747,"Seagate"
2675,"CWO ลงพุง
",573539,"Seagate"
2676,"เขย่าก่อนดิ",573519,"Seagate"
2677,"Walk Alone",573237,"Seagate"
2678,"Met B",572729,"Seagate"
2679,"โบ๊ะฯช่า",572651,"Seagate"
2680,"ลูกหมูสู้ๆ",572527,"Seagate"
2681,"เรื่อยเปื่อย🤗.🍎🥬🥬",572140,"Seagate"
2682,"ตีนเปิ่ม",571783,"Seagate"
2683,"มน บต นน บฟ ซซ",571251,"Seagate"
2684,"T. K. W.",570845,"Seagate"
2685,"จึ๊กกะดื่ยย",570810,"Seagate"
2686,"คนสวย🐶",570596,"Seagate"
2687,"CS support and sweat",570532,"Seagate"
2688,"GPP",569901,"Seagate"
2689,"สาดไปสมาชิก",569738,"Seagate"
2690,"Clean Power",569729,"Seagate"
2691,"SPGS-Security ",569508,"Seagate"
2692,"มะเขืองพวง🦖",568803,"Seagate"
2693,"ไอเลิฟส้มตำ",568654,"Seagate"
2694,"คนสู้ชีวิต
",568600,"Seagate"
2695,"ฝนตกขี้หมูไหล",568521,"Seagate"
2696,"sputter D team",568101,"Seagate"
2697,"Run for Food for Beer",568037,"Seagate"
2698,"เทเลบู้บี้",567849,"Seagate"
2699,"walking allocate team",567595,"Seagate"
2700,"ถูไถเซอร์วิส",567569,"Seagate"
2701,"100 แรงโม้ 🏃",567529,"Seagate"
2702,"เฮฮาปาตี้",567512,"Seagate"
2703,"สามตัวร้อย",567138,"Seagate"
2704,"KUNING",566637,"Seagate"
2705,"The Log C",566424,"Seagate"
2706,"TT HRBP&P Team🙌🏻",566301,"Seagate"
2707,"贵",566285,"Seagate"
2708,"100x",566033,"Seagate"
2709,"เดียวดาย",565637,"Seagate"
2710,"noom+aree",565343,"Seagate"
2711,"RDAteam",564953,"Seagate"
2712,"แพนด้า",564574,"Seagate"
2713,"Finance 07 55+",564294,"Seagate"
2714,"ก้าวไปไหน😎",564128,"Seagate"
2715,"เดินไม่ทัน. ก็วิ่ง",563727,"Seagate"
2716,"ขาหล่อย",563223,"Seagate"
2717,"my",563097,"Seagate"
2718,"เดินให้ไว",562995,"Seagate"
2719,"Run and Chip",562926,"Seagate"
2720,"SUNNING SUN DAY ",562878,"Seagate"
2721,"วันใหม่",562725,"Seagate"
2722,"一起起飞吧",562694,"Seagate"
2723,"Healthy & Heathy",562546,"Seagate"
2724,"ไอ่หนูตาโบ๋",562276,"Seagate"
2725,"กระต่าย❤",562064,"Seagate"
2726,"🐕C-A-T🐈",561796,"Seagate"
2727,"เดินเล่นเดินหัวไปวันๆ",561490,"Seagate"
2728,"Lampyrid ",561144,"Seagate"
2729,"เดินไปกินชาบู",560904,"Seagate"
2730,"Winter789",560779,"Seagate"
2731,"ชินจัง จอมแก่น


",560451,"Seagate"
2732,"🚴🏃",559903,"Seagate"
2733,"CH",559854,"Seagate"
2734,"Seagate ",559714,"Seagate"
2735,"ลูกกระจ๊อก 🐣🐤🐥",559680,"Seagate"
2736,"Boss ",559268,"Seagate"
2737,"HPE Challenge🎉",559084,"Seagate"
2738,"แก๊งลูกหมู",558875,"Seagate"
2739,"Sungway",558163,"Seagate"
2740,"ตาหวาน",557342,"Seagate"
2741,"Ladys",557338,"Seagate"
2742,"Pack Team",557220,"Seagate"
2743,"ชอบเดิน😝",557215,"Seagate"
2744,"ชบา",556519,"Seagate"
2745,"🧸",556433,"Seagate"
2746,"Club Phai",556285,"Seagate"
2747,"เหมือนฝัน",556200,"Seagate"
2748,"Walk along",555196,"Seagate"
2749,"CAG_Korea",555126,"Seagate"
2750,"โดราโด้ทีมC",554704,"Seagate"
2751,"Future Run",554655,"Seagate"
2752,"พิชซ่า",554284,"Seagate"
2753,"อนิเมะอินดี้",553863,"Seagate"
2754,"Team gym",553765,"Seagate"
2755,"Yellow",553487,"Seagate"
2756,"HDM",553368,"Seagate"
2757,"Tech Trailblazers",553299,"Seagate"
2758,"Bear🐻",552884,"Seagate"
2759,"🧸🤎",552781,"Seagate"
2760,"เดินได้เดินดี",552433,"Seagate"
2761,"ผอมเเน่เเม่จ๋า",552033,"Seagate"
2762,"อ้วง",551853,"Seagate"
2763,"จ.จิต",551793,"Seagate"
2764,"China Cloud & OEM team 2",551667,"Seagate"
2765,"5พลังเดิน",551427,"Seagate"
2766,"Tawandang",550410,"Seagate"
2767,"嗨起来",550068,"Seagate"
2768,"อดีตคือบทเรียนโป๊ยเซียนคือยาดม
",549423,"Seagate"
2769,"Step Hiking",549391,"Seagate"
2770,"กลุ่มเปราะบาง",548644,"Seagate"
2771,"สู้",548006,"Seagate"
2772,"PCBA2",547558,"Seagate"
2773,"เดินยังสวย",547479,"Seagate"
2774,"🤝🤝",547407,"Seagate"
2775,"😘😘",546573,"Seagate"
2776,"Sunset69shop",546280,"Seagate"
2777,"ฉันชอบกินชาไทย",546052,"Seagate"
2778,"หมู่บ้านแมว",545482,"Seagate"
2779,"วอดส์? 🫨",545456,"Seagate"
2780,"ผุํหญิงลัลล้า",545430,"Seagate"
2781,"Aurora on Tour",545377,"Seagate"
2782,"หญิงแกร่ง",545262,"Seagate"
2783,"Just Count Steps ",544585,"Seagate"
2784,"SaWaDiKa",544410,"Seagate"
2785,"น้ำหนึ่ง",544369,"Seagate"
2786,"วันล่ะก้าว",544006,"Seagate"
2787,"Global Investigations",543678,"Seagate"
2788,"เมล่อน
",543543,"Seagate"
2789,"ดาวเรือง",542886,"Seagate"
2790,"RMO SPMT Song",542735,"Seagate"
2791,"Shift Happens",542699,"Seagate"
2792,"ถนัดนอน",541696,"Seagate"
2793,"keep running",541288,"Seagate"
2794,"งานไม่เดิน เราเดินก่อน🐷🍭🍉",541044,"Seagate"
2795,"设施小分队",540907,"Seagate"
2796,"BunnyTrouble",540889,"Seagate"
2797,"why walk walk",540613,"Seagate"
2798,"Run Runnnnn!!",540591,"Seagate"
2799,"ตัวเล็ก🐷",540574,"Seagate"
2800,"Super Slim and fit",540564,"Seagate"
2801,"โงกเงก",539945,"Seagate"
2802,"น้ำแข็งใส หวานเจี๊ยบ",539909,"Seagate"
2803,"Running 999",539586,"Seagate"
2804,"เดินยังเซ",539368,"Seagate"
2805,"Holiday Team",538385,"Seagate"
2806,"Five Run",537141,"Seagate"
2807,"Korat SVD",536496,"Seagate"
2808,"เดิน วิ่ง",536121,"Seagate"
2809,"ไมเกรน",535920,"Seagate"
2810,"ไปด้วยกัน",535828,"Seagate"
2811,"Coca-Cola",535707,"Seagate"
2812,"漫步者",535584,"Seagate"
2813,"อิ๊อิ๊✌️✌️",535329,"Seagate"
2814,"MuKaTaChuBu",535302,"Seagate"
2815,"มิตรภาพลาบก้อย",535284,"Seagate"
2816,"Classic run",535095,"Seagate"
2817,"     กาลิเรโอ",534668,"Seagate"
2818,"อึ่งยืน",534550,"Seagate"
2819,"SomAh",534438,"Seagate"
2820,"โบยบินไร้ทิศทาง",534322,"Seagate"
2821,"แมมมอธ 🦣",534194,"Seagate"
2822,"อ้วนผอมจอมซน",533935,"Seagate"
2823,"กระดูกลั่น",533576,"Seagate"
2824,"🥰😘",533566,"Seagate"
2825,"แล่นไม้",533174,"Seagate"
2826,"เดินวันปั่นแตก",532842,"Seagate"
2827,"Big Stepper ",532796,"Seagate"
2828,"follow the dragon",532673,"Seagate"
2829,"หวานเจี๊ยบ",532491,"Seagate"
2830,"PuneRUN",532441,"Seagate"
2831,"快乐运动",530932,"Seagate"
2832,"Tkk 🍀",529936,"Seagate"
2833,"C3 HZ 凌云步",529847,"Seagate"
2834,"Not",529316,"Seagate"
2835,"Talatubby",529136,"Seagate"
2836,"Inspection",528918,"Seagate"
2837,"NPD NO1",528664,"Seagate"
2838,"ดีดี๊",528578,"Seagate"
2839,"Thai",528507,"Seagate"
2840,"ymm",528301,"Seagate"
2841,"ไอ้อ้วน",528177,"Seagate"
2842,"ก้าวสุดท้าย",527762,"Seagate"
2843,"🇹🇭Finance_06 ",527342,"Seagate"
2844,"PPB ",526964,"Seagate"
2845,"健步如飞",526837,"Seagate"
2846,"ผู้ถูกเลือกให้ปวดหลัง",526813,"Seagate"
2847,"อาหวังฝั่ง CD",526573,"Seagate"
2848,"Speed man",526333,"Seagate"
2849," System1",525971,"Seagate"
2850,"ปาท่องโก๋",525550,"Seagate"
2851,"ต่าย",525297,"Seagate"
2852,"คะแนนเต็ม 100 อย่างน้อยต้องได้ 99",525241,"Seagate"
2853,"Log girl 🐻🐻🐻🐻",525239,"Seagate"
2854,"Photoroom888",524847,"Seagate"
2855,"สวยสยอง2026",524549,"Seagate"
2856,"กินๆเดินๆ",524537,"Seagate"
2857,"chicken🐤
",524484,"Seagate"
2858,"รวยไม่ไหว",524411,"Seagate"
2859,"FBN Walking Away ",523662,"Seagate"
2860,"摸鱼跑团",523348,"Seagate"
2861,"นอนมา",522934,"Seagate"
2862,"90's camping 2024",522834,"Seagate"
2863,"ยิ้มแย้ม",522709,"Seagate"
2864,"ก้าวเข้าไป",521739,"Seagate"
2865,"เดินดี",521731,"Seagate"
2866,"โคตรจะเริ่ด",521459,"Seagate"
2867,"Fantastic Four",521365,"Seagate"
2868,"Hot Mama’s Gorgeous",521356,"Seagate"
2869,"幸福快乐
",521313,"Seagate"
2870,"Roti",521289,"Seagate"
2871,"Seagate Fremont",520895,"Seagate"
2872,"ชอบกินหมูกะทะมากๆ",520517,"Seagate"
2873,"QAST TEP",520432,"Seagate"
2874,"ก้าวไกล",520305,"Seagate"
2875,"สิงนักบิด",519922,"Seagate"
2876,"BuyerPungPong",519763,"Seagate"
2877,"Europe in Motion",519500,"Seagate"
2878,"Run Fun Drink",519473,"Seagate"
2879,"ShowStepper",519134,"Seagate"
2880,"running go go",519068,"Seagate"
2881,"ทรงซ้อไม่ง้อเสี่ย",518815,"Seagate"
2882,"rungogo",518560,"Seagate"
2883,"จิ๊กโก๊90s",518091,"Seagate"
2884,"เดินยังล้ม",516935,"Seagate"
2885,"ทุนน้อยค่อยๆเดิน",516780,"Seagate"
2886,"วิ่งๆๆ",516607,"Seagate"
2887,"เดินๆ เล่นๆ",516322,"Seagate"
2888,"Pizza99",516142,"Seagate"
2889,"ห้ะ",516015,"Seagate"
2890,"supportpack ",515190,"Seagate"
2891,"时尚圈",515150,"Seagate"
2892,"GirlGang_MDVT",515047,"Seagate"
2893,"Gang The Best ja",514682,"Seagate"
2894,"FireDragon",514481,"Seagate"
2895,"บะหมี่แห้ง",514426,"Seagate"
2896,"พุงสวด😋😋",514272,"Seagate"
2897,"ยืนก็เมื่อย นั่งก็หาว",514122,"Seagate"
2898,"FS SG setup team",513778,"Seagate"
2899,"OOO",513729,"Seagate"
2900,"สายมาวิน",513727,"Seagate"
2901,"Under",513230,"Seagate"
2902,"Tin 5 ",512724,"Seagate"
2903,"วิ่งไปเรื่อย ultra run",512646,"Seagate"
2904,"ลาบ ก้อย ซอย11",512570,"Seagate"
2905,"พลังงาน
",512498,"Seagate"
2906,"สู้ไปด้วยกัน",512284,"Seagate"
2907,"The Walking User Experience",512275,"Seagate"
2908,"Glow & Go ",512186,"Seagate"
2909,"Lucy",512003,"Seagate"
2910,"🌻Sunshine🌻",511839,"Seagate"
2911,"Cherry 🍒",511834,"Seagate"
2912,"FROG",511475,"Seagate"
2913,"Keep fighting",511456,"Seagate"
2914,"เริ่ด เริ่ด",511134,"Seagate"
2915,"ไม่มีแรงจะเดิน🤭",511030,"Seagate"
2916,"MSL C",511012,"Seagate"
2917,"บ้าบอแบต",510969,"Seagate"
2918,"สายปั่น🚲🚲🚲",510832,"Seagate"
2919,"ทีมคนท้อง",510732,"Seagate"
2920,"สร้างไปก่อน",510697,"Seagate"
2921,"ตุ้ยดุ๋ย🫪",510239,"Seagate"
2922,"กระต่ายบิน",510104,"Seagate"
2923,"IMETA winners ",510034,"Seagate"
2924,"我爱吃面包",509999,"Seagate"
2925,"PNQ",509841,"Seagate"
2926,"Contract Crushers",509328,"Seagate"
2927,"Cherry ",509276,"Seagate"
2928,"NM",509171,"Seagate"
2929,"Power puff ",509153,"Seagate"
2930,"Pretty girls PE",508953,"Seagate"
2931,"หน้ารัก",508863,"Seagate"
2932,"ทุเรียนหมอนทอง",508835,"Seagate"
2933,"小苹果",508766,"Seagate"
2934,"运动派",508510,"Seagate"
2935,"ไปนากัน

",508384,"Seagate"
2936,"อาหวังโปรแม็ก😎",508117,"Seagate"
2937,"Challenge Yourself",507401,"Seagate"
2938,"ช่วยด้วย",506816,"Seagate"
2939,"Lemak Bakar STX
",506747,"Seagate"
2940,"ไก่แจ้ เลี้ยงเด็ก",506514,"Seagate"
2941,"เลือดกรุ๊ปบวก
#พร้อมบวก

",505817,"Seagate"
2942,"เด็กอ้วน",505371,"Seagate"
2943,"คะรวย",505207,"Seagate"
2944,"Abdul Malek",504948,"Seagate"
2945,"drink beer",504822,"Seagate"
2946,"จุดเริ่มต้น ...",504713,"Seagate"
2947,"น้อยหนึ่ง",504580,"Seagate"
2948,"จิ๊ดริด",504569,"Seagate"
2948,"iCare-C v.2",504569,"Seagate"
2950,"วัยรุ่น เทพา ได้บุญเต็มๆ
",504122,"Seagate"
2951,"Double true",503635,"Seagate"
2952,"ME-Sport",503586,"Seagate"
2953,"WHI",503293,"Seagate"
2954,"Crazy Crew 🥇",503214,"Seagate"
2955,"B-Gang22",503143,"Seagate"
2956,"Apadchawonking",502144,"Seagate"
2957,"วอสส์
",502094,"Seagate"
2958,"เดินๆๆกันเถอะ",502089,"Seagate"
2959,"สุขหรรษานะจ๊ะ",502087,"Seagate"
2960,"Rainbow🌈",502053,"Seagate"
2961,"กลิ้งไปด้วยกัน",501743,"Seagate"
2962,"เดินเร็ว",501656,"Seagate"
2963,"ชนะ",501486,"Seagate"
2964,"NNJ
",501419,"Seagate"
2965,"I LOVE WAKING ",501172,"Seagate"
2966,"ทีม ขนมถ้วย",501029,"Seagate"
2967,"สายเดี่ยว",500941,"Seagate"
2968,"ค่อยๆก้าว",500241,"Seagate"
2969,"B1",500192,"Seagate"
2970,"Power run",499892,"Seagate"
2971,"ท้าวเก้า",499886,"Seagate"
2972,"2 ก้าว 🏃🏻🏃🏻",499669,"Seagate"
2973,"KFC ชืมิ",499395,"Seagate"
2974,"Donut1234",499269,"Seagate"
2975,"Happening Walker",498734,"Seagate"
2976,"วิ่งไม่ไหวแต่ใจสู้💪🏻✌",498465,"Seagate"
2977,"ก้าวเล็กๆ ค่อยๆก้าว",498372,"Seagate"
2978,"SUN🌞",497931,"Seagate"
2979,"RodBenzZ",497891,"Seagate"
2980,"ค[น]โฉด2027",497105,"Seagate"
2981,"ก้าวจนปวดขา",495459,"Seagate"
2982,"ตั้งใจ",495293,"Seagate"
2983,"โรซ่า",494745,"Seagate"
2984,"Oran_Team(OQ&A)",494665,"Seagate"
2985,"N AMER SI/COEM Sales",494288,"Seagate"
2986,"⭐✨ Star",494274,"Seagate"
2987,"จี๊ดจ๊าด",494169,"Seagate"
2988,"FIT with me",494136,"Seagate"
2989,"วัยรุ่นร่างพัง",493936,"Seagate"
2990,"Why away me
",493742,"Seagate"
2991,"ปั่นไม่พัก",493583,"Seagate"
2992,"ย่ำต๊อก​",493275,"Seagate"
2993,"เดินไปบ่นไป",493239,"Seagate"
2994,"เริ่ดมาก",493114,"Seagate"
2995,"Cookie run",493090,"Seagate"
2996,"Spider girl ",492574,"Seagate"
2997,"หอยทาก🐌",492491,"Seagate"
2998,"ตัวกลม",492336,"Seagate"
2999,"😜",492275,"Seagate"
3000,"C222",492246,"Seagate"
3001,"Dream Team11",492228,"Seagate"
3002,"Happy 😍😍",492222,"Seagate"
3003,"3ขวดกลับ",491786,"Seagate"
3004,"มีบุญ…มั้ย?",491505,"Seagate"
3005,"หิวจัง",490883,"Seagate"
3006,"Tidarat ",490498,"Seagate"
3007,"เดินทะลุโลก
",489839,"Seagate"
3008,"Ran ไปเรื่อย",489815,"Seagate"
3009,"เด็กซ้อ",489685,"Seagate"
3010,"Perfect",489235,"Seagate"
3011,"รันรัน",488850,"Seagate"
3012,"NannJing",488799,"Seagate"
3013,"ก้าวนี้เพื่อเธอ❤️",488703,"Seagate"
3014,"T-rel🌎",488113,"Seagate"
3015,"B-Gang 1",487581,"Seagate"
3016,"🥗Moo Grob🏃‍♀️",487439,"Seagate"
3017," layha",487051,"Seagate"
3018,"วิ่งสู้ฟัด กะB",486369,"Seagate"
3019,"999 Slender💖",486304,"Seagate"
3020,"ทีมเวิร์คสร้างพลังบวก⛹️",486043,"Seagate"
3021,"คนเหนือดวง",486019,"Seagate"
3022,"กลุ่มแมวเหมียว😸😸",485987,"Seagate"
3023,"yuing ",485051,"Seagate"
3024,"สมสู่อาชา",484895,"Seagate"
3025,"ย่องเบา CWO",484785,"Seagate"
3026,"อ้อมวนิดา",484699,"Seagate"
3027,"皮卡丘",483737,"Seagate"
3028,"Seagate cycling club",483663,"Seagate"
3029,"อะไร🤦🏻‍♀️",483546,"Seagate"
3030,"ComET Z",483428,"Seagate"
3031,"aom",483308,"Seagate"
3032,"🐷หมู🐷",483093,"Seagate"
3033,"ชอบกิน",483013,"Seagate"
3034,"นักล่า",482609,"Seagate"
3035,"Developer ",482595,"Seagate"
3036,"Moonwalkers",482133,"Seagate"
3037,"โน่นม",482074,"Seagate"
3038,"วิ่ง ง๊อกๆแง๊กๆ",481930,"Seagate"
3039,"สายชิล 300%",481869,"Seagate"
3040,"LuckyStars",481345,"Seagate"
3041,"La La",481091,"Seagate"
3042,"Cwo6635",481070,"Seagate"
3043,"懒蛋",480982,"Seagate"
3044,"Step Together NRM! ",480970,"Seagate"
3045,"วิ่งราว",480659,"Seagate"
3046,"เดินไปกิน",480223,"Seagate"
3047,"รักสุขภาพ",479338,"Seagate"
3048,"Happy time
",479271,"Seagate"
3049,"สุขภาพดีนะจ๊ะ",479210,"Seagate"
3050,"AA1",479137,"Seagate"
3051,"Intern narok",478989,"Seagate"
3052,"688",478463,"Seagate"
3053,"爆米花",478338,"Seagate"
3054,"อู๊ยยยยพี่จ๋าไม่ไหวแล้ว",478084,"Seagate"
3055,"apple🍎",477929,"Seagate"
3056,"เดินไปเถอะ!!!",477622,"Seagate"
3057,"SQE-Mech",477528,"Seagate"
3058,"หุ่นลีน💪🏻",477157,"Seagate"
3059,"Please ",476897,"Seagate"
3060,"Low Friction, High Mileage(FRC RMO)",476793,"Seagate"
3061,"สุขภาพดีสร้างได้",476579,"Seagate"
3062,"卖女孩的小火柴",476474,"Seagate"
3063,"Japan",475970,"Seagate"
3064,"Customer Success - SHK",475947,"Seagate"
3065,"ก้าวก้าวเก้า",475270,"Seagate"
3066,"SUPER RUNNING🥃",475258,"Seagate"
3067,"Appleploy",475242,"Seagate"
3068,"วิ่งเต้น",474583,"Seagate"
3069,"เจเจ(JJ)",474248,"Seagate"
3070,"ซกๆวกไปวนมา",474152,"Seagate"
3071,"cool healthy",474035,"Seagate"
3072,"The Guardians
",473627,"Seagate"
3073,"วิ่งสู้ฟัดภาคพิสดาร",473466,"Seagate"
3074,"ขนมถ้วย",472893,"Seagate"
3075,"🇹🇭 Finance_888",472837,"Seagate"
3076,"B-W2-WH Team 3",472495,"Seagate"
3077,"Pizza zz
",472075,"Seagate"
3078,"Henry🩵",472030,"Seagate"
3079,"รุ่นใหญ่ หัวใจป๊อกแป๊ก",471904,"Seagate"
3080,"ทีมดาวรุ่ง
",471558,"Seagate"
3081,"跑跑",471276,"Seagate"
3082,"สายหลอน ",471007,"Seagate"
3083,"Happycookkierun",470957,"Seagate"
3084,"ได้หมด",470681,"Seagate"
3085,"สายลมหมอก🍃",470512,"Seagate"
3086,"เทเลทับบี้B",469362,"Seagate"
3087,"ผอมเเย่",468888,"Seagate"
3088,"A-Team",468863,"Seagate"
3089,"ระดับเรา",468322,"Seagate"
3090,"สบาย สบาย",468201,"Seagate"
3091,"ความจำสั้น",467893,"Seagate"
3092,"JBS GO!",467548,"Seagate"
3093,"🧝",467429,"Seagate"
3094,"คงคย",467421,"Seagate"
3095,"เดินจนหอบ",467159,"Seagate"
3096,"NRM Facilities",466782,"Seagate"
3097,"Heartbeat Forever ",466372,"Seagate"
3098,"หลอนศรี",466189,"Seagate"
3099,"หวานหมู",466146,"Seagate"
3100,"巴拉巴拉巴",466048,"Seagate"
3101,"T K (A)",465927,"Seagate"
3102,"山行留影",465709,"Seagate"
3103,"Run lap",465646,"Seagate"
3104,"ตามล่าหาฟันที่หายไป",465634,"Seagate"
3105,"ปากดีขี้เหงาเอาแต่ใจ",465547,"Seagate"
3106,"EO Gas",465314,"Seagate"
3107,"ไข่เจียว",465200,"Seagate"
3108,"ไอ่แว่น😎",465131,"Seagate"
3109,"小妞",465053,"Seagate"
3110,"Teamsado",464826,"Seagate"
3111,"Let go together ✨ ",464624,"Seagate"
3112,"小小苹果",464509,"Seagate"
3113,"กล้วยหอม🍌",464492,"Seagate"
3114,"ก้าวไปอย่างมีเป้าหมาย",464253,"Seagate"
3115,"Mix plate",464045,"Seagate"
3116,"
Baby run Team ",463905,"Seagate"
3117,"潘潘",463867,"Seagate"
3118,"หมูเด้ง",463769,"Seagate"
3119,"JJ😘",462577,"Seagate"
3120,"Comet Crazy",462263,"Seagate"
3121,"ปีศาจหมู",462247,"Seagate"
3122,"โดเรม่อน",462186,"Seagate"
3123,"ก้าวเดิน",461976,"Seagate"
3124,"Jump♥️",461851,"Seagate"
3125,"วิ่งลงไลน์",461641,"Seagate"
3126,"สาดไปครับสมาชิก",461236,"Seagate"
3127,"วิ่งไว้ก่อน",460746,"Seagate"
3128,"แสนแสบ",460428,"Seagate"
3129,"Run เรื่อยๆ",460253,"Seagate"
3130,"สู้โวัย",460097,"Seagate"
3131,"AutoA",460040,"Seagate"
3132,"ใบไม้🍃",459882,"Seagate"
3133,"DEBUG789",459752,"Seagate"
3134,"เปิดโลกกว้าง",458884,"Seagate"
3135,"Strong women",458834,"Seagate"
3136,"หมีเนย
",458707,"Seagate"
3137,"ยืนยังล้ม",458521,"Seagate"
3138," เดินคนเดียวจ้า",457411,"Seagate"
3139,"The Big Ping-Pong Theorists!",456777,"Seagate"
3140,"🙈 จ๊ะเอ๋",456629,"Seagate"
3141,"Keep going",456494,"Seagate"
3142,"Fun Run",456473,"Seagate"
3143,"เดินตามเกม",456419,"Seagate"
3144,"เต่าเมอร์",455843,"Seagate"
3145,"รักในการนอน",455235,"Seagate"
3146,"MountainGoats",454965,"Seagate"
3147,"กระดึ๊บๆ🐛",454756,"Seagate"
3148,"ปุ๊กปิ๊ก",454706,"Seagate"
3149,"Barlap C1 ก้าวใหม่",454585,"Seagate"
3150,"กิ่ง",454437,"Seagate"
3151,"ณิชา✌❤",454317,"Seagate"
3152,"Teamwork",454165,"Seagate"
3153,"Spartans",453512,"Seagate"
3154,"ระเบิดเวลา",452943,"Seagate"
3155,"System2
",452529,"Seagate"
3156,"步行者",452320,"Seagate"
3157,"เดินวิ้งง",451700,"Seagate"
3158,"ไหวมั้ยหายใจก้อเหนื่อย",451623,"Seagate"
3159,"HSA Running ",451359,"Seagate"
3160,"เดินแล้วเดินอีก",451333,"Seagate"
3161,"SPIDER 🕷️ 🕷️🏃🏼",451328,"Seagate"
3162,"เดินไปวันๆ",451189,"Seagate"
3163,"เสือเหมียว",451064,"Seagate"
3164,"ยูฟ่าตัวตึง",450232,"Seagate"
3165,"แฮมเมอร์",449875,"Seagate"
3166,"allnew",449808,"Seagate"
3167,"Dicing team",449617,"Seagate"
3168,"ก้าวให้ไกล ส่ง❤ให้ถึง",449031,"Seagate"
3169,"เดินและเดิน",448977,"Seagate"
3170,"Not Fast, Just Fabulous!",448571,"Seagate"
3171,"Running step",448400,"Seagate"
3172,"3PM",448260,"Seagate"
3173,"Step ahead",448242,"Seagate"
3174,"หมาล่าชาบู",448009,"Seagate"
3175,"TK IDM",447791,"Seagate"
3176,"Cukeng",447779,"Seagate"
3177,"allforone",447350,"Seagate"
3178,"'นก'กระปูดดดด",447151,"Seagate"
3179,"วิ่งไปกิน",447074,"Seagate"
3180,"四大天王",447003,"Seagate"
3181,"หมูน้อย​ summit",446399,"Seagate"
3182,"摇起来",446268,"Seagate"
3183,"Bruh",446225,"Seagate"
3184,"ทำงานงาน
",446040,"Seagate"
3185,"Skyline C",446033,"Seagate"
3186,"เดินยังเซ😂",445834,"Seagate"
3187,"เบาหวิว",445737,"Seagate"
3188,"时尚潮流
",445620,"Seagate"
3189,"อ้วนกลม",445579,"Seagate"
3190,"🏃‍♂️วิ่งไปกิน🏃",445266,"Seagate"
3191,"What The Health ",444281,"Seagate"
3192,"fatguys",443824,"Seagate"
3193,"MRB PE Team",443738,"Seagate"
3194,"หมูตุ๋น",443573,"Seagate"
3195,"Drivers",443562,"Seagate"
3196,"✅✅",443243,"Seagate"
3197,"บอยแบนด์",443070,"Seagate"
3198,"Happy Run",443017,"Seagate"
3199,"Monster",442940,"Seagate"
3200,"Nut-Jeor",442738,"Seagate"
3201,"BM",442672,"Seagate"
3202,"coffee ",442618,"Seagate"
3203,"Soupy Cat",442195,"Seagate"
3204,"""ไ ป กั น ต่ อ""🏃‍♂️🏃‍♂️",442000,"Seagate"
3205,"Love Lovel you 
",441486,"Seagate"
3206,"จ๊ะจ๋าพาเดิน",441317,"Seagate"
3207,"ก้าวนี้เพื่อเทอ
",441315,"Seagate"
3208,"PP RUNNING",441278,"Seagate"
3209,"Go Walking ",440983,"Seagate"
3210,"ด่วนจี๊มณีจ๋า",440367,"Seagate"
3211,"ขยัน",440243,"Seagate"
3212,"สุขทีละก้าว",440062,"Seagate"
3213,"ก้าวซิวๆ",439953,"Seagate"
3214,"ไหวไหม๋ฮึ",439658,"Seagate"
3215,"MT X FACILITY ",439381,"Seagate"
3216,"Happy life😁",439115,"Seagate"
3217,"Big Step",439044,"Seagate"
3218,"HGA Run Qual",438782,"Seagate"
3219,"PCBA Test Lab",438645,"Seagate"
3220,"เดินดิว่ะ",438551,"Seagate"
3221,"one person ",438498,"Seagate"
3222,"TK",438204,"Seagate"
3223,"คนจะผอม2027",437935,"Seagate"
3224,"Only work ",437821,"Seagate"
3225,"อัศวิน",437643,"Seagate"
3226,"Run ran ran",437513,"Seagate"
3227,"ก้าวกับเธอ",437430,"Seagate"
3228,"向快乐出发",437217,"Seagate"
3229,"ฮายีน่า",437162,"Seagate"
3230,"HHHH",436392,"Seagate"
3231,"ลูกหมู5ตัว",436009,"Seagate"
3232,"พี่นักวิ่ง🏃‍♂️",434356,"Seagate"
3233,"Pitstop Team C",433684,"Seagate"
3234,"จักษ์ไงจะไครละ",433651,"Seagate"
3235,"跑的快",433615,"Seagate"
3236,"กะป๋อง",433464,"Seagate"
3237,"สาวรุ่งริ่ง",433130,"Seagate"
3238,"Move up 1",432445,"Seagate"
3239,"หมูกะทะ",432403,"Seagate"
3240,"💜pk",432131,"Seagate"
3241,"ปวดเข่า",430706,"Seagate"
3242,"ไปให้สุด
",430449,"Seagate"
3243,"Good love",430173,"Seagate"
3244,"เดินมากเดินน้อยข่อยกะเดิน",430118,"Seagate"
3245,"ลูกแมว",429908,"Seagate"
3246,"Healthy bytes",429528,"Seagate"
3247,"ไม่เดินข้างคนหลายใจแน่นอน🚀🚀",428973,"Seagate"
3248,"เดินช้าๆอย่างมั่นคง",428672,"Seagate"
3249,"ชมรมคนรักการเดิน
",428591,"Seagate"
3250,"🫶🏻",428174,"Seagate"
3251,"Sdet runing",427939,"Seagate"
3252,"อะไรว่ะ!!",427570,"Seagate"
3253,"ไม่สวยแต่แซ่บ",427358,"Seagate"
3254,"Bar B#12",427295,"Seagate"
3255,"无名",426933,"Seagate"
3256,"飞奔在路上",426613,"Seagate"
3257,"🍄",426418,"Seagate"
3258,"กินแซบ ",426043,"Seagate"
3259,"มีแรงก็วิ่งไป มีใจก็ทักมา",425947,"Seagate"
3260,"เรามาเล่นROVกัน",425277,"Seagate"
3261,"Bb step",425099,"Seagate"
3262,"เข่าเสื่อม🏃",424588,"Seagate"
3263,"Chubby Girls",424416,"Seagate"
3264,"Phlat tires ",424239,"Seagate"
3265,"วิ่งพุงปลิ้น กินไม่พั๊กกก",424048,"Seagate"
3266,"May the 4th",423797,"Seagate"
3267,"คอแห่ง",423440,"Seagate"
3268,"404 Not found",422810,"Seagate"
3269,"นางฟ้า​เดิน​ดิน",422535,"Seagate"
3270,"Anon
",422380,"Seagate"
3271,"คิดตี้🐱",422117,"Seagate"
3272,"Cometty",422090,"Seagate"
3273,"แม่ฮ้างมหาเสน่ห",422000,"Seagate"
3274,"Powerpuff Girl",421955,"Seagate"
3275,"ก้าวนี้เพื่อเธอ",421867,"Seagate"
3276,"Arpakorn ",421789,"Seagate"
3277,"🏝️😶👍",421748,"Seagate"
3278,"คนสวย",421647,"Seagate"
3279,"z team",421535,"Seagate"
3280,"☘️🍀心想事成🍀☘️",420902,"Seagate"
3281,"THE BEST",420746,"Seagate"
3282,"Lucky 7E
",420472,"Seagate"
3283,"🤑",420362,"Seagate"
3284,"สมองเอ้ย",420349,"Seagate"
3285,"แสงอรุณ",420313,"Seagate"
3286,"Team Whatever",420101,"Seagate"
3287,"นกแตดแต้",420026,"Seagate"
3288,"美少女战士",419953,"Seagate"
3289,"สับแหลก",419946,"Seagate"
3290,"กระดุ๊ด กระดุ๊ด",419566,"Seagate"
3291,"
วัยเก๋าเข่าไฟ ",419112,"Seagate"
3292,"วอดส์!!!!!",419023,"Seagate"
3293,"ก็แค่คลาน",418878,"Seagate"
3294,"DRC4/1",418873,"Seagate"
3295,"ก้าวกันไหม",418800,"Seagate"
3296,"แซ่บเวอร์",418791,"Seagate"
3297,"🐷หมูกรอบ😜😆",418223,"Seagate"
3298,"สู้สุดๆ",417740,"Seagate"
3299,"สุดซ่า",417458,"Seagate"
3300,"ผมคนเดียว",417355,"Seagate"
3301,"สตอเบอรี่นมสด",417148,"Seagate"
3302,"นกกระปูด🐦🥇",417135,"Seagate"
3303,"ทีเด็ด999",417005,"Seagate"
3304,"เดินจงกลม",416770,"Seagate"
3305,"3 of us only",416506,"Seagate"
3306,"themoon",416208,"Seagate"
3307,"แก๊งค์แซ่บ😋",415986,"Seagate"
3308,"แก่แล้วงัย🥰",415825,"Seagate"
3309,"แก๊งมิจฉาชีพ",414968,"Seagate"
3310,"มิจฉาชีพ",414520,"Seagate"
3311,"Momo ",414504,"Seagate"
3312,"P2  gengs
",414461,"Seagate"
3313,"สานฝัน💪🏻",414267,"Seagate"
3314,"ยังบ่แล้ว",414045,"Seagate"
3315,"เดินไปหอบไป",413947,"Seagate"
3316,"Fit For Fun",413510,"Seagate"
3317,"luobo",413230,"Seagate"
3318,"Sup ME B-POWER",412624,"Seagate"
3319,"Ladda ทีม",412548,"Seagate"
3320,"ดอกหญ้า🌾",412222,"Seagate"
3321,"วิ่งๆๆๆๆ",412141,"Seagate"
3322,"สะดวกแบบเรา",411610,"Seagate"
3323,"เจ้าอ้วน",411574,"Seagate"
3324,"วิ่งเตลิด เปิดเสิร์ทของกิน",411076,"Seagate"
3325,"🏃‍♂️สุขภาพสร้างได้",410904,"Seagate"
3326,"Run4Me",410567,"Seagate"
3327,"The Meme Team ",410534,"Seagate"
3328,"1หนุ่ม2สาว",410268,"Seagate"
3329,"Permpoon",409403,"Seagate"
3330,"Joon Hwa",409342,"Seagate"
3331,"แบร์ฮัก",408743,"Seagate"
3332,"Amazon",408538,"Seagate"
3333,"🛩️",408446,"Seagate"
3334,"เงินมา งานเดิน",408359,"Seagate"
3335,"พระสแลนเด้อ",407752,"Seagate"
3336,"KFC.FC",406351,"Seagate"
3337,"Little Trainer",406268,"Seagate"
3338,"Cookie run run",405223,"Seagate"
3339,"ชวนกลับบ้าน",405164,"Seagate"
3340,"ก้าวหน้าก้าวไกล",405066,"Seagate"
3341,"DAY ONE",404926,"Seagate"
3342,"快乐星期六",404604,"Seagate"
3343,"So Try",403957,"Seagate"
3344,"爱&生&活",403910,"Seagate"
3345,"Data Stewards",403646,"Seagate"
3346,"KFC",403588,"Seagate"
3347,"น้ำหวาน",403553,"Seagate"
3348,"Born to Move",403298,"Seagate"
3349,"ลูกโป่ง
",402996,"Seagate"
3350,"🐷หมูน้อย🐷",402656,"Seagate"
3351,"ชาบู",402570,"Seagate"
3352,"ขนมหวานชั้น4",402531,"Seagate"
3353,"ก้าวไปเถอะ💚",402434,"Seagate"
3354,"น้ำ น้ำ",402172,"Seagate"
3355,"Byte Brigade",401946,"Seagate"
3356,"no name 0904",401714,"Seagate"
3357,"GO!!!!!!!!!!!!!!",401280,"Seagate"
3358,"เปรม",400923,"Seagate"
3359,"เดินไป",400743,"Seagate"
3360,"สอสระอิ",400210,"Seagate"
3361,"ตี๋มานี่มา",399569,"Seagate"
3362,"เงาะ",399514,"Seagate"
3363,"Fola1",399212,"Seagate"
3364,"Ran หลายๆๆ",398723,"Seagate"
3365,"Aza🐽🦄",398078,"Seagate"
3365,"Painun😊",398078,"Seagate"
3367,"Boy Brand",397838,"Seagate"
3368,"1โปรกลับน่ะ",397601,"Seagate"
3369,"JUST MOVE",397448,"Seagate"
3370,"ความสุข ทำด้วยใจ
",397064,"Seagate"
3371,"Pies",396899,"Seagate"
3372,"BLACK CAT🐈‍⬛ ",396370,"Seagate"
3373,"เดินลุยลุย",395855,"Seagate"
3374,"เริ่ดจัง",395635,"Seagate"
3375,"St Johnston Strollers ",395625,"Seagate"
3376,"หมูเด้งๆ",395615,"Seagate"
3377,"Step Forward",395561,"Seagate"
3378,"O.P
",395367,"Seagate"
3379,"ผู้สาวซ่า",395146,"Seagate"
3380,"ก้าวทีละก้าว",394926,"Seagate"
3381,"🤪",394923,"Seagate"
3382,"ทองหยิบ",394854,"Seagate"
3383,"Puts & Calls",394790,"Seagate"
3384,"ก๊วนชอบเดิน",394705,"Seagate"
3385,"ก้าวไปก่อน🚶🏻‍♀️",394690,"Seagate"
3386,"The Mileage Club",394609,"Seagate"
3387,"Vitalty Vibes",393157,"Seagate"
3388,"ท้ายตาราง",392351,"Seagate"
3389,"🍁",391758,"Seagate"
3390,"Spark Strikers",391515,"Seagate"
3391,"2332",391279,"Seagate"
3392,"Shakopee Loopers",390619,"Seagate"
3393,"Run Ran Run",390415,"Seagate"
3394,"Annny",390185,"Seagate"
3395,"Moomoo",390180,"Seagate"
3396,"wilawan
",390079,"Seagate"
3397,"MatchaAmricano",389190,"Seagate"
3398,"เดิน เดิน เดิน🏃‍♀️",388943,"Seagate"
3399,"คลุกฝุ่น",388091,"Seagate"
3400,"FS D",387976,"Seagate"
3401,"วิ่งเดินสนุก",387932,"Seagate"
3402,"team team",387758,"Seagate"
3403,"Customer Success - China",387646,"Seagate"
3404,"MookDa ",387558,"Seagate"
3405,"คนเถื่อน",387393,"Seagate"
3406,"Running Run Run",387325,"Seagate"
3407,"Baiiiii",387200,"Seagate"
3408,"แล้วแต่ชอบ",386928,"Seagate"
3409,"Fight For money ",386781,"Seagate"
3410,"Nattiya Klahan",386425,"Seagate"
3411,"ลดน้ำหนัก",386077,"Seagate"
3412,"อัปปัญญา",385297,"Seagate"
3413,"ปังปิ้ง",385187,"Seagate"
3414,"Happy Cap",384254,"Seagate"
3415,"Happy life",384218,"Seagate"
3416,"ซมซาน",384198,"Seagate"
3417,"Walk walk 💪🏻",383991,"Seagate"
3418,"五环队",383868,"Seagate"
3419,"Tiger
",383634,"Seagate"
3420,"ก้าวทำไม...",383579,"Seagate"
3421,"อิ๋ว อิ๋ว",383532,"Seagate"
3422,"Lifely",383386,"Seagate"
3423,"ศูนย์ ศูนย์หนึ่ง",382515,"Seagate"
3424,"HAPG working women power.",382258,"Seagate"
3425,"ละเมอเดิน",381994,"Seagate"
3426,"Moo Moo🐷🐷",381808,"Seagate"
3427,"นาฬิกาทราย",381567,"Seagate"
3428,"Sunflowers ",381313,"Seagate"
3429,"Material Plan",381292,"Seagate"
3430,"นักล่ากิโล",381273,"Seagate"
3431,"สู้ไม่ถอย",380891,"Seagate"
3432,"Perfect All",380873,"Seagate"
3433,"@@",380510,"Seagate"
3434,"Charlie’s Angel",379838,"Seagate"
3435,"chabu",379666,"Seagate"
3436,"   กินอย่างเดียว
",379345,"Seagate"
3437,"Bird Lovers",379295,"Seagate"
3438,"Super girl 👧🏻",379053,"Seagate"
3439,"Candy Bunny🍬🐰",378932,"Seagate"
3440,"Holidays ",378748,"Seagate"
3441,"Sole Mates",378687,"Seagate"
3442,"RunningFC",378673,"Seagate"
3443,"ทีม",378158,"Seagate"
3444,"FPT Fit Force 💚💪",377514,"Seagate"
3445,"ก็พอได้เดิน",377414,"Seagate"
3446,"Running ไปด้วยกัน",377107,"Seagate"
3447,"เพื่อเรา",377023,"Seagate"
3448,"B shift steppers ",376807,"Seagate"
3449,"Lucky life ",376683,"Seagate"
3450,"รักษ์เดิน",375436,"Seagate"
3451,"ชาบูชิ",375423,"Seagate"
3452,"聚力前行组",375108,"Seagate"
3453,"เกินร้อย",374935,"Seagate"
3454,"มะม่วง",374319,"Seagate"
3455,"US OEM & CSP Pricing",374003,"Seagate"
3456,"เทเลทับบี้",373993,"Seagate"
3457,"Guinness Dawgs",373116,"Seagate"
3458,"555",372876,"Seagate"
3459,"อ้วนผอมจอมซน😎",372846,"Seagate"
3460,"ออกกำลังกาย",372632,"Seagate"
3461,"สกินชิพ",372631,"Seagate"
3462,"ผิดที่ใคร",372579,"Seagate"
3463,"เดินเหอะ",372487,"Seagate"
3464,"nongdnow
",372135,"Seagate"
3465,"ก้าวใหญ่ๆยิ๊กๆเดินจนเซ",372067,"Seagate"
3466,"The Star",371996,"Seagate"
3467,"ฮองเฮา",371557,"Seagate"
3468,"WWTP",371402,"Seagate"
3469,"TH Finance eiei",371318,"Seagate"
3470,"ก้าวทีละก้าว🥰",370959,"Seagate"
3471,"Girls who move",370881,"Seagate"
3472,"Hard down ",370844,"Seagate"
3473,"สุกี้ไม่ใส่ต้นหอม💪🏻",370511,"Seagate"
3474,"Saluman",369864,"Seagate"
3475,"ยายสวย😂",369705,"Seagate"
3476,"Make it happen",369696,"Seagate"
3477,"Sputterian",369479,"Seagate"
3478,"เดินแบบชิว ๆ",369175,"Seagate"
3479,"เริ่มเลย😘",369145,"Seagate"
3480,"นักล่าก้าว",368983,"Seagate"
3481,"KK00",368969,"Seagate"
3482,"Noir",368941,"Seagate"
3483,"Elsa

",368427,"Seagate"
3484,"อิหยังว่ะ",368257,"Seagate"
3485,"เดินชมโลก",367926,"Seagate"
3486,"Packtray CR",366928,"Seagate"
3487,"Three run ",366677,"Seagate"
3488,"🐶",366548,"Seagate"
3489,"Springtown C shift Techs",366429,"Seagate"
3490,"ทุ่งลาเวนเดอร์

",366128,"Seagate"
3491,"Co2 The moon",366073,"Seagate"
3492,"เอาซี้",365812,"Seagate"
3493,"ฟุตบอล",365804,"Seagate"
3494,"Run for good",365325,"Seagate"
3495,"System ",365227,"Seagate"
3496,"🌊",364912,"Seagate"
3497,"DREAM😊",364632,"Seagate"
3498,"Home",364580,"Seagate"
3499,"ผู้บ่าว Backend",364559,"Seagate"
3500,"ทุกย่างก้าว  เรามีฝัน",364386,"Seagate"
3501,"Runday123",364126,"Seagate"
3502,"Step by Step",363995,"Seagate"
3503,"ค่อยๆก้าว🏃‍♀️",363442,"Seagate"
3504," Happy 🥰🥰",362986,"Seagate"
3505,"Gen One",362385,"Seagate"
3506,"Run ning ning",362277,"Seagate"
3507,"Kaitom",362123,"Seagate"
3508,"Shiokshiok",361917,"Seagate"
3509,"Poramet",361799,"Seagate"
3510,"Running HSA",361175,"Seagate"
3511,"Skyboat",361050,"Seagate"
3512,"แก๊งค์ตัวกลม",361037,"Seagate"
3513,"คนเดียวก็เฟี้ยวได้",360829,"Seagate"
3514,"เด็บอวบชอบเดิน",360014,"Seagate"
3515,"Cherry g",359909,"Seagate"
3516,"วัยเกษียณ",359685,"Seagate"
3517,"Wow",359148,"Seagate"
3518,"เพื่อนรักสุขภาพ",359055,"Seagate"
3519,"เลิฟเฉินเจ๋อหย่วน❤️",359043,"Seagate"
3520,"JBS power",358938,"Seagate"
3521,"CFPA_Friends",358883,"Seagate"
3522,"combo",358652,"Seagate"
3523,"NW4.1",358544,"Seagate"
3524,"E-com Apex""",358291,"Seagate"
3525,"พายเอา ไม่ได้เดิน",358185,"Seagate"
3526,"SliderBBB",358016,"Seagate"
3527,"ไอ่ตัวจิ๋วๆมีพลัง",357968,"Seagate"
3528,"เอวบาง🥰",357765,"Seagate"
3529,"On the way",357622,"Seagate"
3530,"ชูก้า ชูก้ารูน",357598,"Seagate"
3531,"    ดุดัน ไม่เกรงใจใคร",357280,"Seagate"
3532,"ทีมเทพ",357184,"Seagate"
3533,"เดินจนจ่อย",356991,"Seagate"
3534,"Run team work",356580,"Seagate"
3535,"Hi-Cap Pacers",356383,"Seagate"
3536,"乐乐队",356320,"Seagate"
3537,"srichan",356110,"Seagate"
3538,"สุขภาพจิต",356076,"Seagate"
3539,"Just Keep Walking And Running",356007,"Seagate"
3540,"Run Let’go",355945,"Seagate"
3541,"วันสบาย",355837,"Seagate"
3542,"ฟ้าวก้าว",355734,"Seagate"
3543,"Nangrong01",355643,"Seagate"
3544,"Metrology running",355264,"Seagate"
3545,"ไปเลย",354980,"Seagate"
3546,"Bo_Thunder",354559,"Seagate"
3547,"รักสุขภาพ😁",354540,"Seagate"
3548,"Green Tea",354517,"Seagate"
3549,"เดินไปSeagate",354436,"Seagate"
3550,"MDW W2",354021,"Seagate"
3551,"จูเนียร์ จอมซ่า",353893,"Seagate"
3552,"scoopy12",353746,"Seagate"
3553,"ช้า ช้า แต่ชัวร์",353744,"Seagate"
3554,"Media Adventure",352456,"Seagate"
3555,"💫 Oppa Jin is My Cardio ❤️",352414,"Seagate"
3556,"CarrierA",352277,"Seagate"
3557,"กลุ่มใส่ใจ",352247,"Seagate"
3558,"半速狂飙",352150,"Seagate"
3559,"spicy",351774,"Seagate"
3560,"Get it ran

",351532,"Seagate"
3561,"แม่ไก่แจ้",351347,"Seagate"
3562,"Fac Ultra พาเพลิน V",351316,"Seagate"
3563,"เห็ดหอม",351098,"Seagate"
3564,"时尚派",350960,"Seagate"
3565,"อีเฮ็ดเอส",350956,"Seagate"
3566,"ทีล่ะก้าว
",350747,"Seagate"
3567,"ก้าวเดินข้ามขีดจำกัด",350560,"Seagate"
3568,"MT",350456,"Seagate"
3569,"walk for mookata !",350428,"Seagate"
3570,"Gohan Jompalang",350296,"Seagate"
3571,"อาปาเช่เด้อจ๊ะ",350158,"Seagate"
3572,"เสือสาว",350044,"Seagate"
3573,"ชิเมโจได๋",349667,"Seagate"
3574,"Punyanut",349131,"Seagate"
3575,"Donut",349019,"Seagate"
3576,"DooDee",348722,"Seagate"
3577,"City Walk",348601,"Seagate"
3578,"BN",348594,"Seagate"
3579,"ย้างหลายกะปวดขา",348392,"Seagate"
3580,"วิ่งไปๆ",348162,"Seagate"
3581,"Skyhawk",348135,"Seagate"
3582,"วิ่งเพื่อกิน",348021,"Seagate"
3583,"แพรวพราว",347225,"Seagate"
3584,"แล่นแลกหมวก",346712,"Seagate"
3585,"จิ๋วแต่แจ่ว",346411,"Seagate"
3586,"ก้าวไปด้วยกัน🏃‍♀️🏃‍♀️",346321,"Seagate"
3587,"หัวใจอ่อนแอ",346183,"Seagate"
3588,"橘哆哆",346166,"Seagate"
3589,"Free frive",346154,"Seagate"
3590,"เดิน เบิ้ด วัน",346093,"Seagate"
3591,"能量收割者",345982,"Seagate"
3592,"มายวัดด่าน",345974,"Seagate"
3593,"WalkMode🐢",345910,"Seagate"
3594,"Kratay",345655,"Seagate"
3595,"เดินดิค้าบบ",345500,"Seagate"
3596,"จักแหล่ว",345423,"Seagate"
3597,"cute girls
",345345,"Seagate"
3598,"🤍🌻🤍",345179,"Seagate"
3599,"Fremont 3 miles",345168,"Seagate"
3600,"สิบล้อพ่วง🫢",344958,"Seagate"
3601,"wonder woman",344882,"Seagate"
3602,"Going on ",344845,"Seagate"
3603,"YO. Mullika",344351,"Seagate"
3604,"Fat Gang",344176,"Seagate"
3605,"ก้าวเดินCWO ",344077,"Seagate"
3606,"Avengerรวมพลัง",343624,"Seagate"
3607,"แอปเปิ้ลสีแดง",343000,"Seagate"
3608,"Python",342726,"Seagate"
3609,"แมวเหมียวน้อย",342597,"Seagate"
3610,"ลูกบาส",342534,"Seagate"
3611,"No money 💰",342190,"Seagate"
3612,"karoy",342181,"Seagate"
3613,"สาวสตรอง",342023,"Seagate"
3614,"DDD",341962,"Seagate"
3615,"วิ่งกันเถอะ",341877,"Seagate"
3616,"หายใจก็อ้วน",341823,"Seagate"
3617,"Santai Friends…",341628,"Seagate"
3618,"ดีกว่าเดิน",341524,"Seagate"
3619,"เดินติ!!",341153,"Seagate"
3620,"แฝดสยอง",341122,"Seagate"
3621,"步步为营",340641,"Seagate"
3622,"Nicha",340317,"Seagate"
3623,"หมูผอม🐷",340055,"Seagate"
3624,"เดินวันละนิด หัวใจแข็งแรง ",339830,"Seagate"
3625,"จานหมุน",339807,"Seagate"
3626,"One working ",339766,"Seagate"
3627,"5G",339658,"Seagate"
3628,"PE",339360,"Seagate"
3629,"Stranger Thing",339249,"Seagate"
3630,"ก๋วยเตี๋ยว🐔🐔",338615,"Seagate"
3631,"HRC Americas",338545,"Seagate"
3632,"ขยันเดิน😂",338505,"Seagate"
3633,"Running for hat.🏃‍➡️🥇",338361,"Seagate"
3634,"กระทะทองแดง",337946,"Seagate"
3635,"bitter sweet",337693,"Seagate"
3636,"A ทีม

",337360,"Seagate"
3637,"knees😂😂",336804,"Seagate"
3638,"大家一起来",336597,"Seagate"
3639,"Vipada",336594,"Seagate"
3640,"J",336555,"Seagate"
3641,"เดินเล่น",336161,"Seagate"
3642,"ก้าวซ่า",335911,"Seagate"
3643,"spinning and Walking ",335848,"Seagate"
3644,"Kengjung",335779,"Seagate"
3645,"马上出发
",335521,"Seagate"
3646,"Comet C",335145,"Seagate"
3647,"ดุ๊กดิ๊ก? ",334987,"Seagate"
3648,"Langkah Setapak",334873,"Seagate"
3649,"วิ่ง วิ่ง",334654,"Seagate"
3650,"ก้าวไกล2",334509,"Seagate"
3651,"T&P",334426,"Seagate"
3652,"bobong",333334,"Seagate"
3653,"langgar semua",333265,"Seagate"
3654,"ตาลุงสร้างกล้าม",333241,"Seagate"
3655,"วิ่งสิแฮมทาโร่",333111,"Seagate"
3656,"ALULM9",332270,"Seagate"
3657,"Walking Only",331999,"Seagate"
3658,"🐵",331933,"Seagate"
3659,"Runone",331898,"Seagate"
3660,"Star",331834,"Seagate"
3661,"เดินก็สวย🤭",331356,"Seagate"
3662,"LightYear",330866,"Seagate"
3663,"เดินตามฝัน",330771,"Seagate"
3664,"Flow team",330735,"Seagate"
3665,"Tony khab",330670,"Seagate"
3666,"ROV C",330609,"Seagate"
3667,"STAR 2026",330584,"Seagate"
3668,"โดนัท
",330479,"Seagate"
3669,"Club Tom",330000,"Seagate"
3670,"พ่อบ้านใจกล้า",329030,"Seagate"
3671,"Galsss 🌸",328760,"Seagate"
3672,"FINPRO GLOW",328691,"Seagate"
3673,"นางเงือก",328634,"Seagate"
3674,"Running22",328608,"Seagate"
3675,"หมีน้อย4ตัว",328576,"Seagate"
3676,"Alpha Fit (ผู้นำความฟิต)",328507,"Seagate"
3677,"ฉันต้องแข็ง",328291,"Seagate"
3678,"บ้านปลาวาฬ🐳",328266,"Seagate"
3679,"กล้วย กล้วย
",328121,"Seagate"
3680,"แก๊งปิ้งย่าง


",328103,"Seagate"
3681,"ของขวัญ🎁",327896,"Seagate"
3682,"披萨派",327481,"Seagate"
3683,"เจ้าแมวน้อย",326417,"Seagate"
3684,"VIP only 🪼",326326,"Seagate"
3685,"เดินที่ละก้าว",325858,"Seagate"
3686,"CRB",325698,"Seagate"
3687,"LCO",325658,"Seagate"
3688,"ช้าแต่มาน่ะ",325427,"Seagate"
3689,"Fit friends ",325414,"Seagate"
3690,"runing2",325329,"Seagate"
3691,"แล้ว🥴",325227,"Seagate"
3692,"New things ",324979,"Seagate"
3693,"โค๊ก",324823,"Seagate"
3694,"FC สุกี้ตี๋น้อย",324792,"Seagate"
3695,"มาเริ่มวิ่ง",324743,"Seagate"
3696,"มะระขี้นก",324596,"Seagate"
3697,"Revenue Enablement",324405,"Seagate"
3698,"
หยิกหยอยหยอย
",324362,"Seagate"
3699,"บังเอิญ FC",324317,"Seagate"
3700,"ก้าวด้วยกัน",324251,"Seagate"
3701,"喜羊羊AI",324247,"Seagate"
3702,"BuyerKitKat",324223,"Seagate"
3703,"รวมพลังคนละก้าว",322916,"Seagate"
3704,"Looting ",322691,"Seagate"
3705,"Pure Matcha🍵",321979,"Seagate"
3706,"ออกกำลังวันพรุ่งนี้",321954,"Seagate"
3707,"เพื่ออะไร?
",321873,"Seagate"
3708,"เดินเดียว",321471,"Seagate"
3709,"เกินเเน่นอน",321298,"Seagate"
3710,"ก้าวย่าง",320711,"Seagate"
3711,"And you ",320313,"Seagate"
3712,"walk running",319974,"Seagate"
3713,"ไทเดินร่อน",319940,"Seagate"
3714,"💓 LOVE IS LOVE 💓",319791,"Seagate"
3715,"นกสีเหลือง",319549,"Seagate"
3716,"แกรนด์เพื่อสุขภาพ",318977,"Seagate"
3717,"เสือร้องไห้",318829,"Seagate"
3718,"Forza350",318453,"Seagate"
3719,"Budsaba",318444,"Seagate"
3720,"Nott วิ่ง วิ่ง วิ่ง",318362,"Seagate"
3721,"เฮฮาอาร์ทีวี6",318045,"Seagate"
3722,"กำลังเดิน
",317800,"Seagate"
3723,"Pongpang&DearnaRUN",317008,"Seagate"
3724,"piz.K",317000,"Seagate"
3725,"เดินจนเหนื่อย
",316988,"Seagate"
3726,"กิโลแรกสู้",316910,"Seagate"
3727,"แสงโสม",316836,"Seagate"
3728,"PB",316620,"Seagate"
3729,"Make better together ",316502,"Seagate"
3730,"photo d shift",316373,"Seagate"
3731,"เบาหวิวหวิว",316258,"Seagate"
3732,"Mook ",316165,"Seagate"
3733,"Digital Dynamos",315929,"Seagate"
3734,"วิ่งไปกินไป",315924,"Seagate"
3735,"The gang",315842,"Seagate"
3736,"敏敏队，go！go！go！",315706,"Seagate"
3737,"สุขภาพดีเมื่อไหร่",315448,"Seagate"
3738,"汪汪团队",314606,"Seagate"
3739,"เดินไปด้วยกัน",314206,"Seagate"
3740,"ก้าวไม่ออก😂",314147,"Seagate"
3741,"อยู่ให้ไหว้✌️",314108,"Seagate"
3742,"ญาญ่าแฟนณเดช",313995,"Seagate"
3743,"เบาๆ",313964,"Seagate"
3744,"Thelostboy
",313217,"Seagate"
3745,"ดุ๊กดิ๊ก",312688,"Seagate"
3746,"SG SMS W1",312665,"Seagate"
3747,"Somkeat MSM",312613,"Seagate"
3748,"甩起来",312323,"Seagate"
3749,"มิตรภาพสำคัญเสมอ",312201,"Seagate"
3750,"Body
",312098,"Seagate"
3751,"Maverick69",311608,"Seagate"
3752,"设施3分队",311285,"Seagate"
3752,"Design 4 Success ",311285,"Seagate"
3754,"Zeus",311253,"Seagate"
3755,"Pumpuy",311248,"Seagate"
3756,"🤷‍♀️",311149,"Seagate"
3757,"SG Title",310834,"Seagate"
3758,"julia musa",310758,"Seagate"
3759,"นำ้หวาน",310706,"Seagate"
3760,"😹",310670,"Seagate"
3761,"อินโทรเวิส",310266,"Seagate"
3762,"ส้มจี๊ดด",310149,"Seagate"
3763,"Apex",310048,"Seagate"
3764,"วิ่งเอาหมวก",309976,"Seagate"
3765,"เริ่ดเลยแหละ",309974,"Seagate"
3766,"poona",309931,"Seagate"
3767,"เทเลทับบี้😈",309846,"Seagate"
3768,"Arthur",309709,"Seagate"
3769,"วิ่งวนไป",309488,"Seagate"
3770,"เดินเดิ่นเดิ้น",308839,"Seagate"
3771,"Ae",308737,"Seagate"
3772,"เดินเมิ๊ดวัน",308417,"Seagate"
3773,"- ​​Clocking up steps -",307694,"Seagate"
3774,"เฟิร์น888",307586,"Seagate"
3775,"金金",307476,"Seagate"
3776,"😺 cat",307302,"Seagate"
3777,"Hey! I’m walkin here!",307044,"Seagate"
3778,"เราทำได้",306993,"Seagate"
3779,"Fit & Firm Tribe",306769,"Seagate"
3780,"So so",306327,"Seagate"
3781,"SumjuB",306175,"Seagate"
3782,"amer retail",306131,"Seagate"
3783,"CDSEM Team C
",305931,"Seagate"
3784,"วิ่ง กิน พัก",305307,"Seagate"
3785,"อังกอร์ 😸",305285,"Seagate"
3786,"วัยรุ่นซิ่ง
",305139,"Seagate"
3787,"快乐运动💪",304732,"Seagate"
3788,"บักวิบักออน",304465,"Seagate"
3789,"ก้าวเพื่อความสำเร็จ",303570,"Seagate"
3790,"ก้าวไปด้วยกัน",303561,"Seagate"
3791,"sommart",303518,"Seagate"
3792,"…",303325,"Seagate"
3793,"นายช่างภูธร ",303323,"Seagate"
3794,"789 Classic",303299,"Seagate"
3795,"วิ่งไปก็ได๋",303214,"Seagate"
3796,"Team Dezali",303077,"Seagate"
3797,"MaDernKan",303043,"Seagate"
3798,"ขอกันกินมากกว่านี้",302869,"Seagate"
3799,"每一步都值得",302484,"Seagate"
3800,"Strong Team ",302405,"Seagate"
3801,"เดินทางใน",302132,"Seagate"
3802,"IMETA Rockers ",301964,"Seagate"
3803,"Running 🚶‍♀️",301435,"Seagate"
3804,"แก้มหอม",301400,"Seagate"
3805,"วันละก้าว😅",301313,"Seagate"
3806,"วิ่งไม่สนใคร
",300726,"Seagate"
3807,"oil oil",300331,"Seagate"
3808,"Bannakab",300239,"Seagate"
3809,"เด็กดื้อ",300234,"Seagate"
3810,"ลูกชิ้นปิ้ง",299860,"Seagate"
3811,"ชอบนอน",299807,"Seagate"
3812,"老羊羊",299726,"Seagate"
3813,"คนรักสุขภาพ",299632,"Seagate"
3814,"แบตอ่อน",299489,"Seagate"
3815,"aloha",299190,"Seagate"
3816,"走って、走って。",298943,"Seagate"
3817,"ninety nine  ",298900,"Seagate"
3818,"indy",298763,"Seagate"
3819,"Dirty Dogs",298448,"Seagate"
3820,"Cookkierun",298428,"Seagate"
3821,"นอนมาราธอน",298082,"Seagate"
3822,"Cloud nine",298023,"Seagate"
3823,"ย้างหันๆ🥇",297297,"Seagate"
3824,"Count calories",297227,"Seagate"
3825,"时尚小猪",297217,"Seagate"
3826,"ตั้ง​ หวัง​ ​เจ๊ง",297146,"Seagate"
3827,"สตรีเหล็ก(小猪猪)",296597,"Seagate"
3828,"W3 FA ",296074,"Seagate"
3829,"pizza k
",295608,"Seagate"
3830,"John's Walkers",295510,"Seagate"
3831,"หมูแดง",295491,"Seagate"
3832,"SETS",295445,"Seagate"
3833,"Runner’s Friends",295365,"Seagate"
3834,"กินนิดเดียว

",295004,"Seagate"
3835,"ทำทำไป",294752,"Seagate"
3836,"คนจริงใจ
",294733,"Seagate"
3837,"蛋挞",294476,"Seagate"
3838,"MCStrong",294293,"Seagate"
3839,"运动精灵",293894,"Seagate"
3840,"วิ่งเพื่อสุขภาพ",293715,"Seagate"
3841,"Finn ",293649,"Seagate"
3842,"ว้อดส์ ?!",293450,"Seagate"
3843,"เอบีซี",293382,"Seagate"
3844,"เพื่อตัวเรา",293364,"Seagate"
3845,"Db",293280,"Seagate"
3846,"Marlin runing",293136,"Seagate"
3847,"WXPPE",293044,"Seagate"
3848,"Bacon",293042,"Seagate"
3849,"Rocky Road",292952,"Seagate"
3850,"คนเคยเดิน✌️",292544,"Seagate"
3851,"chickenkukkuk",292454,"Seagate"
3852,"Mininew",292273,"Seagate"
3853,"🥰🥰 Jaotoon 🥰🥰",292192,"Seagate"
3854,"สวยแซ่บ
",291798,"Seagate"
3855,"เฮลลลโหลลล123
",291477,"Seagate"
3856,"ไหวมั้ย",291372,"Seagate"
3857,"爬山小分队",291316,"Seagate"
3858,"เดินไปเดี๋ยวก็ถึง",290742,"Seagate"
3859,"แพนเค้ก",290296,"Seagate"
3860,"ฟ้าสดใส",290211,"Seagate"
3861,"New New",290209,"Seagate"
3862,"I don’t no",290188,"Seagate"
3863,"QPM_BOLA",289975,"Seagate"
3864,"Betty Boop",289936,"Seagate"
3865,"ต้นไม้",289748,"Seagate"
3866,"PINK",289619,"Seagate"
3867,"พอเพียง",289395,"Seagate"
3868,"Cleaning run2",289330,"Seagate"
3869,"Walk Warrior",289220,"Seagate"
3870,"Old Skool Ravers",289010,"Seagate"
3871,"แข็งแรง",288824,"Seagate"
3872,"วัยรุ่นเหลือน้อย
",288478,"Seagate"
3873,"yeah w2🏃‍♂️🏃‍♀️",288183,"Seagate"
3874,"Poo2",287998,"Seagate"
3875,"Soulmate 🐻",287898,"Seagate"
3876,"สู้เกินร้อย",287690,"Seagate"
3877,"Data Runners ",287591,"Seagate"
3878,"เอนแม้ว",287390,"Seagate"
3879,"😼",286378,"Seagate"
3880,"เดินกะสิล้ม",286257,"Seagate"
3881,"OLOSZY",286202,"Seagate"
3882,"Bar B#1",285803,"Seagate"
3883,"Nammon",285473,"Seagate"
3884,"Walking Zombies",285409,"Seagate"
3885,"วิ่งแลกอะไร^",284883,"Seagate"
3886,"เป้าหมายมีไว้ Kub",284726,"Seagate"
3887,"เดิน🤩🤩",284683,"Seagate"
3888,"casper
",284412,"Seagate"
3889,"SAP Basis",284223,"Seagate"
3890,"AC",284116,"Seagate"
3891,"Go To Goal",284061,"Seagate"
3892,"Storm Wardens",284017,"Seagate"
3893,"ซูกัส..🍭🍬",283979,"Seagate"
3894,"无锡车间103",283844,"Seagate"
3895,"Driver 4.2",283497,"Seagate"
3896,"Moddang",283255,"Seagate"
3897,"Apple",283082,"Seagate"
3898,"Rungnapa",282900,"Seagate"
3899,"Myself TSC",282076,"Seagate"
3900,"脚踏实地",282023,"Seagate"
3901,"ไม่สะดวกอ้วน",281968,"Seagate"
3902,"Shugart Linux",281414,"Seagate"
3903,"ฮูหวิ่นท่านโห",281344,"Seagate"
3904,"เข้าเข้าร่วม ไม่เน้นรางวัล",281162,"Seagate"
3905,"披萨派给谁？",280754,"Seagate"
3906,"ลูกช้าง",280720,"Seagate"
3907,"เดินทีละก้าว",280705,"Seagate"
3908,"FG cool
",280691,"Seagate"
3909,"Bio",280677,"Seagate"
3910,"kookkook",280596,"Seagate"
3911,"ทำไม",280576,"Seagate"
3912,"มักอิหลี",280570,"Seagate"
3913,"New run",280425,"Seagate"
3914,"น้ำส้ม",280389,"Seagate"
3915,"AGoodWalkSpoiled",280369,"Seagate"
3916,"😅",279835,"Seagate"
3917,"เราจะก้าวไปพร้อมกัน",279572,"Seagate"
3918,"SHK Sports",279334,"Seagate"
3919,"ก้าวก้าวไป",279242,"Seagate"
3920,"Team runing",278704,"Seagate"
3921,"ก้าวเพื่อพิชิต",278615,"Seagate"
3922,"Facility A-Shift",278453,"Seagate"
3923,"สดใส   ซาบซ่า",277850,"Seagate"
3924,"pinz",277790,"Seagate"
3925,"pizza 123",277786,"Seagate"
3926,"EM Tech",277525,"Seagate"
3927,"never give up ✌️✌️",277519,"Seagate"
3928,"สุขภาพกายดีสุขภาพจิตดี",277420,"Seagate"
3929,"เพื่อนสาว",277408,"Seagate"
3930,"khunnoo",277401,"Seagate"
3931,"MamaUmiMummy",277367,"Seagate"
3932,"vacuum f1",277155,"Seagate"
3933,"ดรีมทีม",277120,"Seagate"
3934,"A",276984,"Seagate"
3935,"วิ่งกันไหม
",276951,"Seagate"
3936,"Sonya",276568,"Seagate"
3937,"破浪小队",276556,"Seagate"
3938,"จิมิทีม",276395,"Seagate"
3939,"วอดส์",276234,"Seagate"
3940,"Majulah",275856,"Seagate"
3941,"🐝🐝",275681,"Seagate"
3942,"Black",275565,"Seagate"
3943,"ยายสปีด",275455,"Seagate"
3944,"开心每一天",275365,"Seagate"
3945,"Walking girls ",275308,"Seagate"
3946,"fac",275243,"Seagate"
3947,"吴Mengjie",275133,"Seagate"
3948,"พี่เฟรินชอบนอน",274787,"Seagate"
3949,"Baifern",274350,"Seagate"
3950,"flower",273990,"Seagate"
3951,"เดินวิ่ง999",273825,"Seagate"
3952,"全希捷最靓的小队",273650,"Seagate"
3953,"Hui Pack",273513,"Seagate"
3954,"อ้วนจังแกร",273510,"Seagate"
3955,"นอนเป็นนิจ💤",273489,"Seagate"
3956,"Healthy Team",273479,"Seagate"
3957,"ก้าว ก้าว ก้าว
",273475,"Seagate"
3958,"ข้าวหอม",273429,"Seagate"
3959,"Cavalry11",272993,"Seagate"
3960,"WF",272764,"Seagate"
3961,"บีพีก้าวต่อไป",272757,"Seagate"
3962,"วิ่งไม่ไหว",272702,"Seagate"
3963,"รวมพลังเพื่อสุขภาพ",272074,"Seagate"
3964,"Human Racers",271611,"Seagate"
3965,"ก้าวหมดมื้อ",271494,"Seagate"
3966,"
คุ๊กกี้รัน",271264,"Seagate"
3967,"มะยม

",271196,"Seagate"
3968,"The Celts 🇮🇪 ",271064,"Seagate"
3969,"สุขใจ",270849,"Seagate"
3970,"Dream Team",270816,"Seagate"
3971,"kaca mata girls",270674,"Seagate"
3972,"อย่าซีเล็ง",270291,"Seagate"
3973,"Sleepy",270270,"Seagate"
3974,"กฤต์",270155,"Seagate"
3975,"น้าไม่เล่นๆ",269211,"Seagate"
3976,"มาจ๊วดกัน เดินๆวิ่งๆ",268727,"Seagate"
3977,"OKD",268510,"Seagate"
3978,"苏打饼干",268385,"Seagate"
3979,"แก๊งลูกหมู🐽🐽🐷🐷",267887,"Seagate"
3980,"บานไม่รู้โรย",267860,"Seagate"
3981,"สวยทุกวัน",267511,"Seagate"
3982,"comel molek",267199,"Seagate"
3983,"Good  Game

",267122,"Seagate"
3984,"PITIPIWPIW WIW WIW",266997,"Seagate"
3985,"ปวดใจ",266993,"Seagate"
3986,"ร่างทองจงมา",266992,"Seagate"
3987,"Srp",266965,"Seagate"
3988,"เดิน ดี ดี",266508,"Seagate"
3989,"Everyday",266357,"Seagate"
3990,"MM93",266268,"Seagate"
3991,"suited and booted up",266086,"Seagate"
3992,"Vava04",266038,"Seagate"
3993,"flowers",265990,"Seagate"
3994,"ณัฐ",265940,"Seagate"
3995,"Okc",265679,"Seagate"
3996,"เจ้าดอกทานตะวัน
",265616,"Seagate"
3997,"🙈👀🙈",265384,"Seagate"
3998,"เพื่อนไม่คบ",265364,"Seagate"
3999,"ฉันชอบกินของหวาน",265344,"Seagate"
4000,"โจโจ้ ไชยมงคล",265232,"Seagate"
4001,"อัครเดช ",264970,"Seagate"
4002,"sayan",264967,"Seagate"
4003,"Pitstopเริ่มแล้ว",264882,"Seagate"
4004,"ขี้เมา",264827,"Seagate"
4005,"สู้ไปด้วยกันนะครับ",264805,"Seagate"
4006,"hore hore

",264721,"Seagate"
4007,"Tomnakub",264604,"Seagate"
4008,"City run",264541,"Seagate"
4009,"ckrunning",264345,"Seagate"
4010,"ฟองเบียร์การ์ฟิลด์",263962,"Seagate"
4011,"The Island of Misfit Walkers",263959,"Seagate"
4012,"คายประจุ",263795,"Seagate"
4013,"快快乐乐",263648,"Seagate"
4014,"Never give up",263570,"Seagate"
4015,"Nittaya ",263451,"Seagate"
4016,"Growing",263348,"Seagate"
4017,"candy club",263279,"Seagate"
4018,"two",263142,"Seagate"
4019,"THE BE แล่นรึสิหย่าง",263051,"Seagate"
4020,"Step Recovery",262918,"Seagate"
4021,"BN sport ",262902,"Seagate"
4022,"SkyExit",262539,"Seagate"
4023,"วิ่ง.เดินรวมทุนซีเกท",262037,"Seagate"
4024,"STM",261767,"Seagate"
4025,"วิ่งดิ๊",261639,"Seagate"
4026,"Nutty",261559,"Seagate"
4027,"วันละ5000ก้าว
",261547,"Seagate"
4028,"วิ่งมั่วแต่ทั่งถึว",261440,"Seagate"
4029,"Mild mint",261364,"Seagate"
4030,"NB&NK",260948,"Seagate"
4031,"ก้าวไปกัน",260726,"Seagate"
4032,"OKAY ",260643,"Seagate"
4033,"星星",260239,"Seagate"
4034,"สาววาย",259602,"Seagate"
4035,"Manop vivo",259599,"Seagate"
4036,"Apologies",259489,"Seagate"
4037,"สร้างทีม",259486,"Seagate"
4038,"健康",259028,"Seagate"
4039,"بنات وبس 💕",258981,"Seagate"
4040,"ชาเย็น",258816,"Seagate"
4041,"เดินๆ สร้างทีม",258803,"Seagate"
4042,"รักการเดิน",258659,"Seagate"
4043,"walking run step",258438,"Seagate"
4044,"One man show",258270,"Seagate"
4045,"อ้อย",258072,"Seagate"
4046,"รัญจวน",257988,"Seagate"
4047,"THE RUN",257971,"Seagate"
4048,"จักไผเป็นไผ",257931,"Seagate"
4049,"ปลาทอง🐟",257500,"Seagate"
4050,"ปุ๋ยพอใจ❤️",257080,"Seagate"
4051,"รอดหรือร่วง ง่วงทั้งวัน 🤪",257052,"Seagate"
4052,"Walking Dead",256901,"Seagate"
4053,"เดินไปข้างหน้า",256843,"Seagate"
4054,"Small Step",256740,"Seagate"
4055,"ทีละก้าว😅",256727,"Seagate"
4056,"果粒 ",256721,"Seagate"
4057,"วิ่งกันเลย นี่เหนื่อยแล้ว",256549,"Seagate"
4058,"Duanghathai ",256484,"Seagate"
4059,"ตัวคนเดียว",256280,"Seagate"
4060,"Apple pie",256056,"Seagate"
4061,"เดินจนงง",256046,"Seagate"
4062,"ลุยเลย",255904,"Seagate"
4063,"ทีมเดินเร็ว",255644,"Seagate"
4064,"OT",255616,"Seagate"
4065,"มะลิ",255426,"Seagate"
4066,"Rose",255411,"Seagate"
4067,"乘风起跑",255215,"Seagate"
4068,"ดาวหาง💫",255208,"Seagate"
4069,"หมดทั้งใจเค้าให้แว่นยิ้มหวาน",255130,"Seagate"
4070,"Ming",254496,"Seagate"
4071,"DBG 789",254061,"Seagate"
4072,"Acclock PPV/Scrap/Consolidation",254022,"Seagate"
4073,"ขาหลุด🦿",253957,"Seagate"
4074,"egg",253938,"Seagate"
4075,"ไข่ไก่",253829,"Seagate"
4076,"modtanoi ",253810,"Seagate"
4077,"tak_tak",253378,"Seagate"
4078,"โบวี่",253349,"Seagate"
4079,"plating boleh
",253192,"Seagate"
4080,"Mo’s Movers",252962,"Seagate"
4081,"สุขภาพดีย์",252826,"Seagate"
4082,"Pizza Cheese",252824,"Seagate"
4083,"FATBOY:)",252764,"Seagate"
4084,"Street Fighter ",252363,"Seagate"
4085,"321",252225,"Seagate"
4086,"🐽🐽",251620,"Seagate"
4087,"BTS",251559,"Seagate"
4088,"Rungddsr ",251538,"Seagate"
4089,"ดาวเสาร์",251422,"Seagate"
4090,"ยืนยังล้ม🦖",251040,"Seagate"
4091,"Milo&Tea",251021,"Seagate"
4092,"💪🏻",250981,"Seagate"
4093,"สุดหล่อ65Gemini",250814,"Seagate"
4094,"หัวเข่าไม่ดี แต่ก็จะเดิน✌️✌️",250622,"Seagate"
4095,"แก๊งอุ้งเท้าทองคำ",250163,"Seagate"
4096,"Gamet",250069,"Seagate"
4097,"Healthy girl",249889,"Seagate"
4098,"SpEDE",249837,"Seagate"
4099,"หมูที่แข็งแรง",249603,"Seagate"
4100,"ทานตระวัน",249567,"Seagate"
4101,"คุณแม่🤰🏻",249443,"Seagate"
4102,"มะนาว",249349,"Seagate"
4103,"Ran ให้สุด",249268,"Seagate"
4104,"โจโจ้🛵",249160,"Seagate"
4105,"ให้มันได้แบบนี้สิ 😎",249086,"Seagate"
4106,"อ้วนผอมจอมผชน",249054,"Seagate"
4107,"ย๊างชิลๆ",248902,"Seagate"
4108,"ร้อยโล",248745,"Seagate"
4109,"มาออกกำลัง",248610,"Seagate"
4110,"Code ",248469,"Seagate"
4111,"happy happy aje",248398,"Seagate"
4112,"Rowslice สู้สู้",248215,"Seagate"
4113,"นุ่นค่ะ",248188,"Seagate"
4114,"Freedom ",248150,"Seagate"
4115,"1 Lungr",247766,"Seagate"
4116,"Wanpen",247761,"Seagate"
4117,"ซอดแจ้ง",247422,"Seagate"
4118,"เดินเผื่อตัวเรา",247158,"Seagate"
4119,"Cat",246708,"Seagate"
4120,"hidup sihat",246532,"Seagate"
4121,"หมูแข็งแรงง",246481,"Seagate"
4122,"Pizza🍕",246084,"Seagate"
4123,"ก้าวเล็กๆ😘",245869,"Seagate"
4124,"OJP CR",245506,"Seagate"
4125,"Happy fun",245470,"Seagate"
4126,"ก้าวเดินเพื่อสุขภาพ",245359,"Seagate"
4127,"ส้มแข่ว",245067,"Seagate"
4128,"Noi",245048,"Seagate"
4129,"First",244879,"Seagate"
4130,"hpe_shift_B
",244771,"Seagate"
4131,"Shabu Shabu",244241,"Seagate"
4132,"ทีมเข้มแข็ง",244233,"Seagate"
4133,"ช่วยด้วย…",244122,"Seagate"
4134,"Blood Sweat and Beers",243928,"Seagate"
4135,"Bonusphomyunai",243897,"Seagate"
4136,"ช้าแต่ชัวร์",243874,"Seagate"
4137,"เดินเซ",243737,"Seagate"
4138,"โครงการฯ วันละก้าว ",243670,"Seagate"
4139,"ลูกกระจ๊อก
",243146,"Seagate"
4140,"ก้าวเล็ก พลังใหญ่",242614,"Seagate"
4141,"shk",242451,"Seagate"
4142,"ลดพุง",242388,"Seagate"
4143,"Loveyou",242133,"Seagate"
4144,"Dindantongsarb",242009,"Seagate"
4145,"โสด",242000,"Seagate"
4146,"ฟ้าประทาน",241529,"Seagate"
4147,"Walker_",241499,"Seagate"
4148,"Mountain Slop",241321,"Seagate"
4149,"JBS boleh ",241032,"Seagate"
4150,"I am alone",240870,"Seagate"
4151,"เทพมรณะ",240731,"Seagate"
4152,"SSAA",240720,"Seagate"
4153,"กำลังขา",240568,"Seagate"
4154,"Comt STMB",240386,"Seagate"
4155,"คลาสสิค​",240256,"Seagate"
4156,"ก้าวสอง สิบแปด",239935,"Seagate"
4157,"มีเดีย",239860,"Seagate"
4158,"Eating anyway",239834,"Seagate"
4159,"เอ้าย่าง",239635,"Seagate"
4160,"Stronger Together💪",239598,"Seagate"
4161,"kanjo",239398,"Seagate"
4162,"บัวลอย Runing",239252,"Seagate"
4163,"ใหญ่😀",238760,"Seagate"
4164,"แก๊งสามช่า",238759,"Seagate"
4165,"Lutino",238526,"Seagate"
4166,"ก็มาดิครับบ ",238126,"Seagate"
4167,"LEK LEK",237764,"Seagate"
4168,"ให้หนูวิ่งดูตัวซะก่อน
",237334,"Seagate"
4169,"Seagate-T.P.R.-C",237303,"Seagate"
4170,"Moo Moo",237069,"Seagate"
4171,"Milling b1 team",236759,"Seagate"
4172,"Die alone",236648,"Seagate"
4173,"ฮัลโหลบี๋",236502,"Seagate"
4174,"หน้าโหดโหมดคิดตี้",236156,"Seagate"
4175,"The Walking Deadlines",236130,"Seagate"
4176,"อโลเขตc",235657,"Seagate"
4177,"เกเร🫶",235634,"Seagate"
4178,"Pit stop ทีม A",235584,"Seagate"
4179,"พุงนำหน้าขาตามหลัง",235523,"Seagate"
4180,"เพิ่มปลาร้า",235501,"Seagate"
4181,"ฮึด เข้าไว้",235019,"Seagate"
4182,"แก๊งสาวๆๆ",234852,"Seagate"
4183,"ไปเรื่อย",234647,"Seagate"
4184,"ท้ายseagate",234620,"Seagate"
4185,"กระต่ายน้อยเดินเที่ยว",234547,"Seagate"
4186,"Strawberry",234478,"Seagate"
4187,"Lest’go",234329,"Seagate"
4188,"สาวสาว",234234,"Seagate"
4189,"大黄蜂",233885,"Seagate"
4190,"The Garden",233646,"Seagate"
4191,"Sweat Collective 🏃‍♂️",233512,"Seagate"
4192,"500 เข้ากลุ่ม",233510,"Seagate"
4193,"ส้มสู้ๆ",233402,"Seagate"
4194,"💪🤟",233356,"Seagate"
4195,"เนื้อเปื่อย",233317,"Seagate"
4196,"Running cup",233293,"Seagate"
4197,"PP",233210,"Seagate"
4198,"วิ่งไปเรื่อย",233145,"Seagate"
4199,"สองสาว kitting55",233088,"Seagate"
4200,"สับปะรด",232917,"Seagate"
4201,"แข็งแกร่ง",232835,"Seagate"
4202,"BeBear",232709,"Seagate"
4203,"@Man & LiVer",232555,"Seagate"
4204,"Narin Sigle",231924,"Seagate"
4205,"Rnal",231718,"Seagate"
4206,"🌹",231685,"Seagate"
4207,"ฟองน้ำ",231489,"Seagate"
4208,"🤍🌳💚",231362,"Seagate"
4209,"Mookdaเดินดี😁",231248,"Seagate"
4210,"pisza",231233,"Seagate"
4211,"เดินสวยๆด้วยกัน",231181,"Seagate"
4212,"ก้าวไปๆ",231171,"Seagate"
4213,"โซดา",231157,"Seagate"
4214,"GMN4/2",231006,"Seagate"
4215,"Mai53",230921,"Seagate"
4216,"A-Boss",230646,"Seagate"
4217,"pat",230550,"Seagate"
4218,"สุ้โว้ย..",230135,"Seagate"
4219,"103 team4
",230100,"Seagate"
4220,"น้ำหวานCR",230035,"Seagate"
4221,"ฟิตไม่พัก",229626,"Seagate"
4222,"new",229606,"Seagate"
4223,"moo strong💪💪",229599,"Seagate"
4224,"Run Run ",229468,"Seagate"
4225,"≽^⚈⩊⚈^≼",229042,"Seagate"
4226,"walk and run",228936,"Seagate"
4227,"Stride Together",228922,"Seagate"
4228,"Ffft💚",228837,"Seagate"
4229,"bannoy",228567,"Seagate"
4230,"finity1234",228257,"Seagate"
4231,"ก้านกล้วย",228123,"Seagate"
4232,"thank You ",227987,"Seagate"
4233,"The Shadow of the Buddha",227948,"Seagate"
4234,"อิคคิวซัง",227904,"Seagate"
4235,"ก้าวและก้าว",227807,"Seagate"
4236,"สุขภาพดี มีสุข",227708,"Seagate"
4237,"DDSR Team B

",227645,"Seagate"
4238,"artzaa",227365,"Seagate"
4239,"林子",227150,"Seagate"
4240,"Porn",227135,"Seagate"
4241,"ย่างก้าว",226933,"Seagate"
4242,"mangkr111",226870,"Seagate"
4243,"เดินวน😥",226607,"Seagate"
4244,"คอยเคียว",226473,"Seagate"
4245,"smile",226377,"Seagate"
4246,"ต้นโคราช",226261,"Seagate"
4247,"超级辣妈",226003,"Seagate"
4248,"my team",225862,"Seagate"
4249,"ปวดเข่าแถ่",225779,"Seagate"
4250,"อิย้า",225778,"Seagate"
4251,"ตัวตึงเดินย่อง",225762,"Seagate"
4252,"Naree&Cho",225728,"Seagate"
4253,"Three roses ",225648,"Seagate"
4254,"Kurayami^*^",225626,"Seagate"
4255,"A&K",225611,"Seagate"
4256,"ลูกหมี
",225435,"Seagate"
4257,"CWO C",225257,"Seagate"
4258,"smilery",225211,"Seagate"
4259,"3TP",225092,"Seagate"
4260,"สมเจต ",225066,"Seagate"
4261,"Taew Natthida ",225001,"Seagate"
4262,"NRM Facilities II",224893,"Seagate"
4263,"Power puff girl",224535,"Seagate"
4264,"ขยับบ้าง",224412,"Seagate"
4265,"บวมเบียร์",224383,"Seagate"
4266,"wan wan ",224279,"Seagate"
4267,"ยิ้ม ยิ้ม",223857,"Seagate"
4268,"321ไป",223833,"Seagate"
4269,"Amornwan ",223725,"Seagate"
4270,"Warissara",223419,"Seagate"
4271,"ก้าว ก้าว",223310,"Seagate"
4272,"Wong",223229,"Seagate"
4273,"ป้าน็อต😜",223012,"Seagate"
4274,"สู้จ้า",222779,"Seagate"
4275,"ญาดา กะ ญาญ่า",222675,"Seagate"
4276,"SpeDe Beer Boys",222415,"Seagate"
4277,"ภคมน",222289,"Seagate"
4278,"健康快乐派",221858,"Seagate"
4279,"รัก…ก้าว🤍",221836,"Seagate"
4280,"Noy",221762,"Seagate"
4281,"Ladies",221671,"Seagate"
4282,"งานเดินเงินดี",221664,"Seagate"
4283,"😆😆",220919,"Seagate"
4284,"เชอรี่หวาน",220620,"Seagate"
4285,"มะลิช่อน",220523,"Seagate"
4286,"น่ารักปุ๊กปิ๊ก",220213,"Seagate"
4287,"W3",220172,"Seagate"
4288,"Dreamer",220036,"Seagate"
4289,"วิ่งๆๆๆ วิ่งๆๆๆ วิ่งไปๆๆๆ",219899,"Seagate"
4290,"apple ja",219837,"Seagate"
4291,"Syed",219744,"Seagate"
4292,"เริ่มต้นใหม่",219105,"Seagate"
4293,"เดินเพือโลกสวย

",218949,"Seagate"
4294,"🐷หมูย่าง",218828,"Seagate"
4295,"😂",218821,"Seagate"
4296,"กำลังเดินนะ",218798,"Seagate"
4297,"Sold out ",218770,"Seagate"
4298,"ก้าวหน้า🏃🏃",218447,"Seagate"
4299,"นอนน้อยแต่นอน",218427,"Seagate"
4300,"May",218256,"Seagate"
4301,"แมวเหมี๊ยว",218194,"Seagate"
4302,"กล้วย_หอม",218090,"Seagate"
4303,"แมวอ้วน",217993,"Seagate"
4304,"หน้าสองหลังสาม

",217965,"Seagate"
4305,"หนทาง นักสู้",217950,"Seagate"
4306,"Fighting",217325,"Seagate"
4307,"ใจเย็นๆ",217171,"Seagate"
4308,"Nuy..",216969,"Seagate"
4309,"sf",216929,"Seagate"
4310,"ENgJOY",216911,"Seagate"
4311,"Olw & Snake",216848,"Seagate"
4312,"จอมแสบ",216417,"Seagate"
4313,"CWO CR",216234,"Seagate"
4314,"ทุกก้าวมีความหมายเสมอ",215925,"Seagate"
4315,"Safe​ Mode​ Only​",215766,"Seagate"
4316,"Run away",215670,"Seagate"
4317,"miw",215631,"Seagate"
4318,"นิ่มนวล",215557,"Seagate"
4319,"คนจรจัด",215269,"Seagate"
4320,"Dinzay",215131,"Seagate"
4321,"Runๆ ๆ",214681,"Seagate"
4322,"😈",214620,"Seagate"
4323,"Jbs run challenge",214568,"Seagate"
4324,"หาแต่แนว",214503,"Seagate"
4325,"POPPER",214452,"Seagate"
4326,"Nuk",214394,"Seagate"
4327,"💎 กชนภัส 🌈 NaPhat",214290,"Seagate"
4328,"เฟี้ยว",214272,"Seagate"
4329,"
HAPG walking women power.",214256,"Seagate"
4330,"กลุ่ม 2",214104,"Seagate"
4331,"alakadar jee",214037,"Seagate"
4332,"วิ่งไปเถอะ",214025,"Seagate"
4333,"วิ่งครับผม
",213963,"Seagate"
4334,"เมย์ แล่น
",213938,"Seagate"
4335,"陶善梅",213558,"Seagate"
4336,"😝😝SS",213538,"Seagate"
4337,"ช่วยกันรักษาโลก",213451,"Seagate"
4338,"เกือบเก่ง 🤭",213215,"Seagate"
4339,"กาสะลอง",213159,"Seagate"
4340,"solo leveling",212601,"Seagate"
4341,"NeneYujin",212490,"Seagate"
4342,"Kaiji",212480,"Seagate"
4343,"เดินข้ามโลก",212478,"Seagate"
4344,"อยู่คนเดียว",212345,"Seagate"
4345,"ริมครอง",212309,"Seagate"
4346,"Deeyoo",212233,"Seagate"
4347,"วาวาติดโอ๋",212037,"Seagate"
4348,"malon",211986,"Seagate"
4349,"Thanit",211932,"Seagate"
4350,"GengOtai",211845,"Seagate"
4351,"Cruising",211736,"Seagate"
4352,"ไปเรื่อยไปเปื่อย",211641,"Seagate"
4353,"my love",211547,"Seagate"
4354,"กลุ่ม
",211435,"Seagate"
4355,"เดินน้อย💯โล",211255,"Seagate"
4356,"Sakai",211144,"Seagate"
4357,"monny",211110,"Seagate"
4358,"COOKIE RUNNN",211028,"Seagate"
4359,"ท่องยุทธภพ",210917,"Seagate"
4360,"    404 Fitness",210744,"Seagate"
4361,"Slider ME
",210305,"Seagate"
4362,"ARM",210109,"Seagate"
4363,"Pin",210036,"Seagate"
4364,"Rov 
",210000,"Seagate"
4365,"นอนวัด",209982,"Seagate"
4366,"wow wow ",209937,"Seagate"
4367,"DTE_Office",209881,"Seagate"
4368,"o3>",209858,"Seagate"
4369,"Melati",209541,"Seagate"
4370,"css99",209444,"Seagate"
4371,"แนน🌵",209429,"Seagate"
4372,"KFC Ja",209062,"Seagate"
4373,"风云组合",208911,"Seagate"
4374,"Do Not Disturb",208902,"Seagate"
4375,"โอ้มายก๊อด
",208700,"Seagate"
4376,"เดินไปเหอะ",208687,"Seagate"
4377,"บาจา",208625,"Seagate"
4378,"เดินเดิน",208617,"Seagate"
4379,"Khair chuan wing ",208610,"Seagate"
4380,"      C/R 
 ตะหมุตะหมิ
Ple Nok Nang",208544,"Seagate"
4381,"Win win✌️😛",208529,"Seagate"
4382,"JubJangJa ",208428,"Seagate"
4383,"กาดึบกาดึบ",208193,"Seagate"
4384,"หมดแก้ว🍺🍺",208127,"Seagate"
4385,"อ๊อดๆกระดิ่งแมว",208021,"Seagate"
4386,"快乐星期天",207896,"Seagate"
4387,"มะส้ม",207816,"Seagate"
4388,"ทีมเวิร์ค",207808,"Seagate"
4389,"ก้าวเพื่อสุขภาพปลอดโรคปลอดภัย",207488,"Seagate"
4390,"ลูกพีช",207224,"Seagate"
4391,"P&P
",206979,"Seagate"
4392,"The Onboarders",206884,"Seagate"
4393,"ไปไป",206825,"Seagate"
4394,"ชิวๆ",206764,"Seagate"
4395,"คนทำสวน",206748,"Seagate"
4396,"ของขวัญ",206438,"Seagate"
4397,"เดินซิจะรออะไร",206432,"Seagate"
4398,"胜利",206422,"Seagate"
4399,"Maint Techs",206326,"Seagate"
4400,"แอบคุย",206318,"Seagate"
4401,"อิติปิโส [I-TI-PI-SO]",206164,"Seagate"
4402,"285",206122,"Seagate"
4403,"บังเดียร์",205999,"Seagate"
4404,"pool",205990,"Seagate"
4405,"ref",205754,"Seagate"
4406,"Mo Team",205750,"Seagate"
4407,"Yield Folks",205637,"Seagate"
4408,"แมวป่วย",205559,"Seagate"
4409,"ก้าวแรก",205424,"Seagate"
4410,"บาร์บี้💚",205287,"Seagate"
4411,"ก้าวด้วยใจ❤️",204721,"Seagate"
4412,"ญิ้งเหี่ยน",204714,"Seagate"
4413,"FAN Striders",203916,"Seagate"
4414,"เดินเดินไป",203909,"Seagate"
4415,"กรดยูริกสูง",203826,"Seagate"
4416,"Thanyasini Kaeongoen ",203462,"Seagate"
4417,"สี่กุมารแมว
",203437,"Seagate"
4418,"RTVC B4",203341,"Seagate"
4419,"随星而动",203082,"Seagate"
4420,"Great",203056,"Seagate"
4421,"santana",202915,"Seagate"
4422,"smile for fun Run for U ",202891,"Seagate"
4423,"กินอย่างงัยให้อ้วน
",202872,"Seagate"
4424,"Let's GO",202821,"Seagate"
4425,"แจ๋วแหว๋ว",202741,"Seagate"
4426,"เดินช้าๆ",202702,"Seagate"
4427,"Worawee",202678,"Seagate"
4428,"ทีมงานยาสูบ",202586,"Seagate"
4429,"Leave me alone",202522,"Seagate"
4430,"sripai",202497,"Seagate"
4431,"เดินเซไปเมกา

",202474,"Seagate"
4432,"Team Richfield",202464,"Seagate"
4433,"Slow walker but never walk back",202383,"Seagate"
4434,"Selena 🌝",202370,"Seagate"
4435,"Many ",202339,"Seagate"
4436,"คุณแม่",202283,"Seagate"
4437,"น้ำหมากกะจาย",201811,"Seagate"
4438,"ก้าว",201805,"Seagate"
4439,"Rainy",201800,"Seagate"
4440,"Mookata",201588,"Seagate"
4441,"นุ้ยๆ
",201548,"Seagate"
4442,"Million Step",201316,"Seagate"
4443,"สะมะเจ๊ะ",201173,"Seagate"
4444,"ชาบู หมูทะ",201104,"Seagate"
4445,"กัปตันหมี",201042,"Seagate"
4446,"Sky 99",201036,"Seagate"
4447,"Yui(X2) ",200925,"Seagate"
4448,"Pitza",200699,"Seagate"
4449,"จุ้ดปุ้ด",200637,"Seagate"
4450,"unknown 👀",200617,"Seagate"
4451,"พลังใบ",200531,"Seagate"
4452,"ใจละเมอ",200264,"Seagate"
4453,"เดินตามแมว😸",200239,"Seagate"
4454,"Walker",200147,"Seagate"
4455,"华",200049,"Seagate"
4456,"sdet summ",199999,"Seagate"
4457,"เดินทั้งวัน555",199929,"Seagate"
4458,"Chocolate 🍫",199855,"Seagate"
4459,"ไร่สาระ ",199525,"Seagate"
4460,"หมูอ้วน🤩",199386,"Seagate"
4461,"🏃🏻‍♀️💨",199190,"Seagate"
4462,"สู้ๆ",199180,"Seagate"
4463,"Cherrypyd",199086,"Seagate"
4464,"🍓🍓🍓",199073,"Seagate"
4465,"Aurora",199014,"Seagate"
4466,"Jaea_nakaa",198745,"Seagate"
4467,"67",198744,"Seagate"
4468,"เดินยังเซๅ",198522,"Seagate"
4469,"ทีมพารวย",198511,"Seagate"
4470,"เก่งกิ๊ป",198314,"Seagate"
4471,"live in like",198311,"Seagate"
4472,"MBAC",198306,"Seagate"
4473,"ไวรุ่นปวดขา",198257,"Seagate"
4474,"ยายแขก",198242,"Seagate"
4475,"先锋队",198175,"Seagate"
4476,"FCCR
",198152,"Seagate"
4477,"วันพีช",198000,"Seagate"
4478,"เดินช้าๆเดี๋ยวก็ถึง",197830,"Seagate"
4479,"路上",197740,"Seagate"
4480,"ก้าววันละเก้า",197413,"Seagate"
4481,"Pack tray B",197323,"Seagate"
4482,"foot ",196926,"Seagate"
4483,"เท้าซิ่ง😆",196559,"Seagate"
4484,"Eternal Squad",196434,"Seagate"
4485,"Nan nan",196198,"Seagate"
4486,"Day1
",195748,"Seagate"
4487,"Fangggg",195680,"Seagate"
4488,"Free walk",195671,"Seagate"
4489,"珠",195670,"Seagate"
4490,"โรบ๊อก",195555,"Seagate"
4491,"ไม่สวยแต่นิสัยดี",195474,"Seagate"
4492,"为了奖品",195338,"Seagate"
4493,"กระต่าย🐰🐰",195297,"Seagate"
4494,"NilNil ",195195,"Seagate"
4495,"PuyPuy ",195103,"Seagate"
4496,"ZzzDeeeeeeeweeeeeeeeeeeeeeeeeeeeeee",195096,"Seagate"
4497,"Girls Star",194983,"Seagate"
4498,"สวยๆเริ่ดๆ",194874,"Seagate"
4499,"วิ่งๆเดินๆ เพลิดเพลินใจ",194771,"Seagate"
4500,"หนอนน้อย🐛",194703,"Seagate"
4501,"ปลาซาบะ",194418,"Seagate"
4502,"Cloud Product Marketing",194339,"Seagate"
4503,"Walking away ",194236,"Seagate"
4504,"ตกปลากัน",194188,"Seagate"
4505,"อะไรก้อได้",194139,"Seagate"
4506,"สุขภาพกายใจแข็งแรง",194000,"Seagate"
4507,"Leo",193875,"Seagate"
4508,"Fat Lower
",193795,"Seagate"
4509,"Strong girl ",193314,"Seagate"
4510,"ไหวไหม",193215,"Seagate"
4511," จั๊กหรีด",193160,"Seagate"
4512,":)",193116,"Seagate"
4513,"Saiy",193098,"Seagate"
4514,"WFH",193012,"Seagate"
4515,"สตอรี่แมน",192956,"Seagate"
4516,"Age just a number",192835,"Seagate"
4517,"cat44",192708,"Seagate"
4518,"A1",192702,"Seagate"
4519,"พลังบวก",192640,"Seagate"
4520,"บักสองซาว",192575,"Seagate"
4521,"Walk & Work & Win",192531,"Seagate"
4522,"A674",192493,"Seagate"
4523,"เติมทั้งวัน เดินทั้งคืน..",192338,"Seagate"
4524,"Cardio Lady",192166,"Seagate"
4525,"LOL🌞🌜🥑🌊🦊🍅",192124,"Seagate"
4526,"Walking for you ",192033,"Seagate"
4527,"วิ่งดิว่ะ",191915,"Seagate"
4528,"ธุระกิจมืด",191692,"Seagate"
4529,"N'Natcha",191659,"Seagate"
4530,"ช่างมัน",191614,"Seagate"
4531,"Kevin barr ",191574,"Seagate"
4532,"ลุงเต่า",191567,"Seagate"
4533,"Number 1 ",191493,"Seagate"
4534,"ก้าวที่กล้า",191490,"Seagate"
4535,"Fat cat adventures",191224,"Seagate"
4536,"👨‍🔧",191195,"Seagate"
4537,"奔跑吧",190906,"Seagate"
4538,"ฮิปโปโป",190665,"Seagate"
4539,"Namikaze",190591,"Seagate"
4540,"พูดไปใครเขาจะเชื่อ",190563,"Seagate"
4541,"Hone",190557,"Seagate"
4542,"Livermore Pride",190479,"Seagate"
4543,"สติทช์",190365,"Seagate"
4544,"คนล่ะก้าว",190307,"Seagate"
4545,"ซ่างจือเถา",190274,"Seagate"
4546,"On the Road!",189929,"Seagate"
4547,"แมงปอ",189662,"Seagate"
4548,"คนเดียวเด่",189571,"Seagate"
4549,"เดินเฉยๆ",189567,"Seagate"
4550,"สู้ๆเพื่อวันทีดี",189482,"Seagate"
4551,"เดินวิ่งแบบจั๋ยๆ",189404,"Seagate"
4552,"Handsome Group",189325,"Seagate"
4553,"AKL CC",189285,"Seagate"
4554,"ทองล้านก้าว",189143,"Seagate"
4555,"เพียวลม",189079,"Seagate"
4556,"ทีมชมพู",189022,"Seagate"
4557,"จอยลี่",188831,"Seagate"
4558,"DuDuBuBu",188722,"Seagate"
4559,"ABC**",188706,"Seagate"
4560,"A zer",188583,"Seagate"
4561,"เมย์เมย์ลูน่า",188570,"Seagate"
4562,"ดำดุ๊กดู๋ย",188445,"Seagate"
4563,"จอยสุขภาพ
",188252,"Seagate"
4564,"自由万岁",188220,"Seagate"
4565,"ไปเรื่อยๆ",188155,"Seagate"
4566,"น้องอรสู้ๆ
",188003,"Seagate"
4567,"TBF",187719,"Seagate"
4568,"สาวน้อยออโต้",187666,"Seagate"
4569,"JTTchertamrun",187625,"Seagate"
4570,"Mai",187553,"Seagate"
4571,"👳🏾‍♂️",187536,"Seagate"
4572,"jiraphon",187383,"Seagate"
4573,"แก๊งเดินจน GPS งง",187289,"Seagate"
4574,"Jameji MRB",187111,"Seagate"
4575,"ปลาทอง",186763,"Seagate"
4576,"POY-SIAN",186661,"Seagate"
4577,"ดรีม ทีม",186529,"Seagate"
4578,"Tt",186522,"Seagate"
4579,"dingdong",186497,"Seagate"
4580,"LOOKKHUNNOO🐭🦁",186429,"Seagate"
4581,"วิ่งแลกวอก",186409,"Seagate"
4582,"พันเก้าก็เหนื่อยแล้ว",186394,"Seagate"
4583,"PW",186377,"Seagate"
4584,"<3",186309,"Seagate"
4585,"ด่วนเลย",186112,"Seagate"
4586,"Club boy",186044,"Seagate"
4587,"Strive TribeSZ",186018,"Seagate"
4588,"Move up",185987,"Seagate"
4589,"สู้โว้ยย",185896,"Seagate"
4590,"Vas",185854,"Seagate"
4591,"RB",185586,"Seagate"
4592,"Ple Supaporn ",185582,"Seagate"
4593,"ลองเดินดิ",185566,"Seagate"
4594,"Strong",185564,"Seagate"
4595,"อ้วนน่ารัก",185345,"Seagate"
4596,"Aomdee



",185336,"Seagate"
4597,"Health Maniacs",185317,"Seagate"
4598," cat small",185211,"Seagate"
4599,"Good",185129,"Seagate"
4600,"กินแล้วเดิน",185002,"Seagate"
4601,"🐢",184917,"Seagate"
4602,"สุขภาพที่ดี",184880,"Seagate"
4603,"Spongegirl",184808,"Seagate"
4604,"เมจังกิม จุฟ จุฟ",184804,"Seagate"
4605,"running slowly",184760,"Seagate"
4606,"McGins",184542,"Seagate"
4607,"Sleeping",184387,"Seagate"
4608,"PBisHappy^^",184345,"Seagate"
4609,"PPW",183996,"Seagate"
4610,"Kindly ",183983,"Seagate"
4611,"😍แค่ใจ",183544,"Seagate"
4612,"Dreams ",183383,"Seagate"
4613,"LovelyBP",183247,"Seagate"
4614,"Pra344152",183246,"Seagate"
4615,"ฉายเดี่ยว!!",183239,"Seagate"
4616,"Siri’s",183094,"Seagate"
4617,"เร่ร่อน",183048,"Seagate"
4618,"Nyny🛼",183033,"Seagate"
4619,"Pec",183003,"Seagate"
4620,"สู้ๆๆนะ",182958,"Seagate"
4621,"วาซั้นนนนน",182772,"Seagate"
4622,"hot mama",182738,"Seagate"
4623,"Kikikik",182655,"Seagate"
4624,"คนละก้าว",182626,"Seagate"
4625,"*ยิ้มหวาน*",182202,"Seagate"
4626,"ต้วมเตี้ยมตัวกลม💪",182069,"Seagate"
4627,"โอ้มายก้อด",181960,"Seagate"
4628,"คนสุดท้าย​",181894,"Seagate"
4629,"💚💚💚",181849,"Seagate"
4630,"วิ่งกับเธอ",181713,"Seagate"
4631,"หัวใจสีชมพู",181707,"Seagate"
4632,"เดินเพื่อสุขภาพ",181705,"Seagate"
4633,"Easy walk ✌️🪻",181654,"Seagate"
4634,"Sukati running team",181578,"Seagate"
4635,"ชาเขียว",181568,"Seagate"
4636,"JJ team",181558,"Seagate"
4637,"Warin",181447,"Seagate"
4638,"Amp",181435,"Seagate"
4639,"ปายๆ",181392,"Seagate"
4640,"Cashflow Crew",181390,"Seagate"
4641,"Cwo_cr",181130,"Seagate"
4642,"เดินวันละก้าวสองก้าว
",181040,"Seagate"
4643,"Nony Party",180903,"Seagate"
4644,"FOLA II",180714,"Seagate"
4645,"Step That Count for UNICEF",180574,"Seagate"
4646,"可爱小狗",179939,"Seagate"
4647,"มีแมว",179925,"Seagate"
4648,"Nexus",179923,"Seagate"
4649,"pupae🐻♦️",179919,"Seagate"
4650,"หาคนร่วมก้าว",179900,"Seagate"
4651,"tumma",179877,"Seagate"
4652,"เดินจนเดรส",179872,"Seagate"
4653,"Hello 🏃",179858,"Seagate"
4654,"Sup",179835,"Seagate"
4655,"PSA",179785,"Seagate"
4656,"ME",179762,"Seagate"
4657,"Ran เยอะหลาย",179735,"Seagate"
4658,"ยุ้ย มาแล้วววววว",179514,"Seagate"
4659,"Beebee",179411,"Seagate"
4660,"Wee D",179368,"Seagate"
4661,"แอนลีน",179202,"Seagate"
4662,"✌️✌️✌️",179176,"Seagate"
4663," Thank you ja",179101,"Seagate"
4664,"คนสวยมาก",179078,"Seagate"
4665,"สบู่นกแก้ว",179043,"Seagate"
4666,"Beautiful girl ",179035,"Seagate"
4667,"Fighter",178999,"Seagate"
4668,"เดินจนวิน😵‍💫",178939,"Seagate"
4669,"ดอกอ้อ",178873,"Seagate"
4670,"Chid",178848,"Seagate"
4671,"Pinky Run 🩷",178782,"Seagate"
4672,"Happy day",178625,"Seagate"
4673,"ONE999",178553,"Seagate"
4674,"Itime",178336,"Seagate"
4675,"ช่วยกันก้าว🏃🤸",178327,"Seagate"
4676,"Jalan Jalan ",178308,"Seagate"
4677,"Runing",178251,"Seagate"
4678,"Power ploy",178224,"Seagate"
4679,"คนกินต้มอึ่ง",178049,"Seagate"
4680,"น้อย",178032,"Seagate"
4681,"ปู้ด",178026,"Seagate"
4682,"Tech PT C",177976,"Seagate"
4683,"ปลาโลมา",177832,"Seagate"
4684,"แมวป่า",177735,"Seagate"
4685,"แข็งและแรงง",177706,"Seagate"
4686,"I am the flash",177588,"Seagate"
4687,"คนอลเวง",177527,"Seagate"
4688,"😀",177336,"Seagate"
4689,"facilities D-shift",177324,"Seagate"
4690,"ทีม 1 คน",177104,"Seagate"
4691,"pukkad",177025,"Seagate"
4692,"runrun2",177015,"Seagate"
4693,"middle line ทีมงานเหลือน้อย",176908,"Seagate"
4694,"น้องฮ๊อต",176787,"Seagate"
4695,"สุขภาพทำดี",176784,"Seagate"
4696,"VAVA",176752,"Seagate"
4697,"คนเฒ่ารักสุขภาพ",176750,"Seagate"
4698,"ลูกหมู2ตัว",176747,"Seagate"
4699,"เนยซ่าส์",176726,"Seagate"
4700,"สายซิ่ง",176709,"Seagate"
4701,"แมวกาฟิว",176607,"Seagate"
4702,"lost in the mist",176589,"Seagate"
4703,"ก้าวไป👌🏻👌🏻",176559,"Seagate"
4704,"ฉันชอบกิน",176556,"Seagate"
4705,"Run",176514,"Seagate"
4706,"วงกลม",176462,"Seagate"
4707,"แล้วแต่",176396,"Seagate"
4708,"working ",176337,"Seagate"
4709,"mfg",176185,"Seagate"
4710,"Hoo race",175932,"Seagate"
4711,"WOMEN",175866,"Seagate"
4712,"แค่ขยับ  กายแข็งแรง",175858,"Seagate"
4713,"Padmee",175824,"Seagate"
4714,"Firebird",175742,"Seagate"
4715,"เน้นเข้าร่ว",175736,"Seagate"
4716,"Apple pies",175642,"Seagate"
4717,"ก้าวลุยไปข้างหน้า",175625,"Seagate"
4718,"นอนน้อย",175600,"Seagate"
4719,"7K Beatdown",175579,"Seagate"
4720,"S • K • Y 🌌",175519,"Seagate"
4721,"CR fighting C",175476,"Seagate"
4722,"ก้าวแล้วผอม",175400,"Seagate"
4723,"แววดาว",175284,"Seagate"
4724,"เดอะฟาส99",175256,"Seagate"
4725," Hello Kitty 🎀 ",175241,"Seagate"
4726,"มัทฉะ",175168,"Seagate"
4727,"เอวเคล็ด",175141,"Seagate"
4728,"BKK",174965,"Seagate"
4729,"วิ่งเถอะ",174940,"Seagate"
4730,"Jum Jai Step",174874,"Seagate"
4731,"เดินวิ่งสู้ฟัด",174856,"Seagate"
4732,"ใครก็ได้",174733,"Seagate"
4733,"สุ้สุ้ไปด้วยกันค่ะ",174664,"Seagate"
4734,"rung",174616,"Seagate"
4735,"Leaderstmb",174594,"Seagate"
4736,"Seasons",174580,"Seagate"
4737,"chicken..",174493,"Seagate"
4738,"Dreamteam",174478,"Seagate"
4739,"อย่ารู้จักเดี๋ยวหนักใจ

",174424,"Seagate"
4740,"Dream",174376,"Seagate"
4741,"เดินเรื่อยๆ​ เมื่อยก็หยุด",174354,"Seagate"
4742,"แอ้ก้าวไกล",174026,"Seagate"
4743,"เส้นชัย",173930,"Seagate"
4744,"Cool girl",173904,"Seagate"
4745,"ไร้สาระมาก",173882,"Seagate"
4746,"Sarazuza",173831,"Seagate"
4747,"Good Health",173798,"Seagate"
4748,"ไม่ไหว บอกไหว",173784,"Seagate"
4749,"Nidnoi",173740,"Seagate"
4750,"คนสวย30X",173488,"Seagate"
4751,"The possibilities are coming",173447,"Seagate"
4752,"KIDDTHEKOP",173278,"Seagate"
4753,"Zootopia ",173128,"Seagate"
4754,"สุขภาพดีเริ่มที่ตัวเรา
",173101,"Seagate"
4755,"HomPan💕",173084,"Seagate"
4756,"Star เบญ",173072,"Seagate"
4757,"ไอร่คิว",173015,"Seagate"
4758,"หมูน้อย",172878,"Seagate"
4759,"คนสวยจะก้าว",172785,"Seagate"
4760,"เจ้าปีศาจ'หมู",172772,"Seagate"
4761,"skykran",172683,"Seagate"
4762,"DD1",172609,"Seagate"
4763,"CR น่ารัก",172517,"Seagate"
4764,"ตุตะ ตุตะ",172498,"Seagate"
4765,"Fon",172477,"Seagate"
4766,"☕☕",172446,"Seagate"
4767,"ก้าวเพื่อสุขภาพ",172410,"Seagate"
4768,"ม่อมชึชี",172390,"Seagate"
4769,".",172302,"Seagate"
4770,"A piece of cake",172237,"Seagate"
4771,"หญิงเดี่ยว",172227,"Seagate"
4772,"นัมบาวันอีสเรียล",172097,"Seagate"
4773,"คิงสุดหล่อ",172060,"Seagate"
4774,"เทิดไท",171990,"Seagate"
4775,"AAA",171968,"Seagate"
4776,"ใจแกร่ง",171961,"Seagate"
4777,"ก้าวคนหละก้าวไปพร้อมกัน",171724,"Seagate"
4778,"หมูน้อย 🐷",171633,"Seagate"
4779,"christy",171575,"Seagate"
4780,"แสงของวันใหม่
",171503,"Seagate"
4781,"wakas
",171436,"Seagate"
4782,"พินๆๆ",171269,"Seagate"
4783,"PS",171151,"Seagate"
4784,"OLE GK",170935,"Seagate"
4785,"Yimyim",170932,"Seagate"
4786,"Drive PWA ",170780,"Seagate"
4787,"น้องชาไทย",170462,"Seagate"
4788,"กระต่ายหูยาว",170228,"Seagate"
4789,"วิ่งสวยๆ",170163,"Seagate"
4790,"สู้ๆ✌️",170160,"Seagate"
4791,"胖妞组合",170140,"Seagate"
4792,"Catsi",170001,"Seagate"
4793,"ออมสิน",169977,"Seagate"
4794,"เดินกันเถอะ",169856,"Seagate"
4795,"สมพร พร,พร",169578,"Seagate"
4796,"ง่ายดาย",168881,"Seagate"
4797,"jeab",168680,"Seagate"
4798,"Papa’SARA",168639,"Seagate"
4799,"2หนุ่มพาวิ่ง",168637,"Seagate"
4800,"Fongbeer🍺",168590,"Seagate"
4801,"อ้อมศรี",168553,"Seagate"
4802,"วิ่งสู้ฟัด...งัดเต็มข้อ 💪🦾👊",168509,"Seagate"
4803,"walkaholics",168223,"Seagate"
4804,"Alone",168106,"Seagate"
4805,"เกิน100",168104,"Seagate"
4806,"ฝนฝน.""-""",168094,"Seagate"
4807,"SDET 8",168076,"Seagate"
4808,"Googgo",168069,"Seagate"
4809,"Talaydao ",168047,"Seagate"
4810,"กีฬาพาแข็งแรง
",168000,"Seagate"
4811,"Strong&Healthy ",167835,"Seagate"
4812,"ชานม🧋",167369,"Seagate"
4813,"Konmekh☁️",167303,"Seagate"
4814,"Fremont IT",167270,"Seagate"
4815,"KOMMY",167232,"Seagate"
4816,"JLJ🏃",167230,"Seagate"
4817,"เมายังเดิน😂",167135,"Seagate"
4818,"Me2244",167104,"Seagate"
4819,"Litho Legends",167010,"Seagate"
4820,"Sasiwimon",166919,"Seagate"
4821,"นั่งยังล้ม",166911,"Seagate"
4822,"สั๊บโดด",166815,"Seagate"
4823,"ลั้ลล้า",166624,"Seagate"
4824,"วัยซ่า",166622,"Seagate"
4825,"Happy🍇",166491,"Seagate"
4826,"The BLUE x Hunter",166461,"Seagate"
4827,"0.1",166426,"Seagate"
4828,"Pizza9",166373,"Seagate"
4829,"ก้าวปันสุข",166311,"Seagate"
4830,"Dodo runing",166310,"Seagate"
4831,"🙆🏼‍♀️",166282,"Seagate"
4832,"Lee you",165981,"Seagate"
4833,"Rpo",165962,"Seagate"
4834,"I walk",165950,"Seagate"
4835,"wipawan",165894,"Seagate"
4836,"กุ้งเต้น",165858,"Seagate"
4837,"Benz Benz",165747,"Seagate"
4838,"เริ่ม",165641,"Seagate"
4839,"Running 2026",165500,"Seagate"
4840,"อยู่คนเดียวว",165371,"Seagate"
4841,"พี่นภัส DIWA 🐰",165367,"Seagate"
4842,"BLUE LOTUS ",165363,"Seagate"
4843,"ขนมหวาน🍰🍰
",165315,"Seagate"
4844,"2สาวก้าวกระโดด❣️",165253,"Seagate"
4845,"Be free to be your self",165126,"Seagate"
4846,"สิไปนำก๋อ",165048,"Seagate"
4847,"Manman",164926,"Seagate"
4848,"Team C walk",164891,"Seagate"
4849,"COOKIERUN",164657,"Seagate"
4850,"กันดั้ม",164601,"Seagate"
4851,"ningning",164544,"Seagate"
4852,"Polish X",164475,"Seagate"
4853,"วิ่งชิงน้ำหวาน",164286,"Seagate"
4853,"Daow ",164286,"Seagate"
4855,"Ton",164278,"Seagate"
4856,"สมวัย",164241,"Seagate"
4857,"Barlap3",164161,"Seagate"
4858,"มะเหมี่ยว",164078,"Seagate"
4859,"Love Health Stories ",163870,"Seagate"
4860,"Mammam",163860,"Seagate"
4861,"โซเนีย😉",163847,"Seagate"
4862,"หมาแมว",163786,"Seagate"
4863,"Zenums",163762,"Seagate"
4864,"เดินไปทั่ว",163725,"Seagate"
4865,"A Lone Wolf",163646,"Seagate"
4866,"Mamy🥰",163622,"Seagate"
4867,"little cat",163583,"Seagate"
4868,"Packing ",163558,"Seagate"
4869,"พักสายตาเเปป=",163506,"Seagate"
4870,"Lone Wolf",163296,"Seagate"
4871,"敏敏队",163265,"Seagate"
4872,"อั้มซิ่ง",163245,"Seagate"
4873,"สัจธรรม",163172,"Seagate"
4874,"Thaibankboy",163135,"Seagate"
4875,"มาเองมาเดินว่ะ",162893,"Seagate"
4876,"ก้าวแล้วก้าวอีก😃",162805,"Seagate"
4877,"หมูหวาน",162723,"Seagate"
4878,"ทอฝัน",162719,"Seagate"
4879,"สู่ฝัน",162698,"Seagate"
4880,"ไปวิ่งกานนน",162546,"Seagate"
4881,"Gfit-Intern gang ",162544,"Seagate"
4882,"AAi",162474,"Seagate"
4883,"chaem ",162379,"Seagate"
4884,"Health​_Own",162362,"Seagate"
4885,"จุ้บแจง",162331,"Seagate"
4886,"Scrum Team 6",162245,"Seagate"
4887,"เรื่องของก้าว",162210,"Seagate"
4888,"sloth",162184,"Seagate"
4889,"Pcba",162135,"Seagate"
4890,"เดินเดินเดิน",162103,"Seagate"
4891,"
sudaratk567@gmail.com",162000,"Seagate"
4892,"Photo Lab B Shift ",161977,"Seagate"
4893,"9 นี้เพื่อเธอ",161916,"Seagate"
4894,"นักบุญ... ทุนเพื่อน0",161888,"Seagate"
4895,"แม่แมว",161791,"Seagate"
4896,"แมวส้มส้ม
",161773,"Seagate"
4897,"Enjoin na",161760,"Seagate"
4898,"เดินไปเรื่อยๆดีกว่าวิ่ง",161743,"Seagate"
4899,"Runny",161618,"Seagate"
4900,"ปูนาเดินไว",161375,"Seagate"
4901,"อินโทเวิร์ต",161277,"Seagate"
4902,"Niyom team",161205,"Seagate"
4903,"แจ่ม",161174,"Seagate"
4904,"Way",161125,"Seagate"
4905,"ก้าว ก้าว 9",161062,"Seagate"
4906,"Run ai สร้างสรรค์",161005,"Seagate"
4907,"Yuy🐯",161004,"Seagate"
4908,"เดดี้ไอ",160990,"Seagate"
4909,"XOT",160985,"Seagate"
4910,"扬帆起航",160795,"Seagate"
4911,"เอสเย็น หวานน้อย",160768,"Seagate"
4912,"เดินไวๆ",160764,"Seagate"
4913,"Megalodon",160742,"Seagate"
4914,"Cat.1",160620,"Seagate"
4915,"兄弟团",160599,"Seagate"
4916,"Barby",160580,"Seagate"
4917,"เอาแค่ไหว",160459,"Seagate"
4918,"ทุเรียน",160418,"Seagate"
4919,"VT",160390,"Seagate"
4920,"Capped",160380,"Seagate"
4921,"Pang",160329,"Seagate"
4922,"กะปุ๊กลุ๊ค",160233,"Seagate"
4923,"ทัศวรรณ",160166,"Seagate"
4924,"aood aood",160146,"Seagate"
4924,"hi hi",160146,"Seagate"
4926,"ปาร์ตี้",160123,"Seagate"
4927,"ผมชื่อ อาหัว",160050,"Seagate"
4928,"ตัวอ้วน",160043,"Seagate"
4929,"Facilities A/G shift",159857,"Seagate"
4930,"Cat castle",159837,"Seagate"
4931,"NATTHAWAT ",159832,"Seagate"
4932,"หนุ่มน้อยร้อยลีลา",159805,"Seagate"
4933,"มะขามเปียก",159758,"Seagate"
4934,"เดินย่องๆ",159688,"Seagate"
4935,"หูดับcyling",159679,"Seagate"
4936,"เดินเพื่อเด็ก",159549,"Seagate"
4937,"ทีมสับๆ",159512,"Seagate"
4938,"沐风",159440,"Seagate"
4939,"Help me",159406,"Seagate"
4940,"only one",159271,"Seagate"
4941,"Fia",159193,"Seagate"
4942,"เคยผอม",159180,"Seagate"
4943,"เดินๆ",159055,"Seagate"
4944," เด็กน้อยJJJ",159036,"Seagate"
4945,"CWO WASH",158983,"Seagate"
4946,"CP99",158952,"Seagate"
4947,"🐸🐸🐸",158876,"Seagate"
4948,"Running girls ",158841,"Seagate"
4949,"Power care",158778,"Seagate"
4950,"หาม่องเลาะ",158716,"Seagate"
4951,"เดินไปเรื่อย เหนื่อยก็พัก",158529,"Seagate"
4952,"โบโบ้ลันล้า",158452,"Seagate"
4953,"Photo room B",158414,"Seagate"
4954,"​The Syndicate",158392,"Seagate"
4955,"Keekwlaking",158166,"Seagate"
4956,"Good Health99",158156,"Seagate"
4957,"วิ่งดิ่เอ๋",158057,"Seagate"
4958,"สาวน้อย 100 ปี",157998,"Seagate"
4959,"苏苏和锡锡",157907,"Seagate"
4960,"ส้มเช้ง",157829,"Seagate"
4961,"Pizza Pat",157730,"Seagate"
4962,"สวยและรวยมาก",157698,"Seagate"
4963,"Runrunrun",157617,"Seagate"
4964,"ปั่น",157569,"Seagate"
4965,"โคดิน",157528,"Seagate"
4966,"คนล่าฝัน",157488,"Seagate"
4967,"S&P",157443,"Seagate"
4968,"Little Piglet",157435,"Seagate"
4969,"สายปั่น Speed Picking",157404,"Seagate"
4970,"Slider 111",157338,"Seagate"
4971,"มะเฟย",157280,"Seagate"
4972,"DSL Team A",157236,"Seagate"
4973,"POLa",157209,"Seagate"
4974,"แข่งแรง",157177,"Seagate"
4975,"เเอนนี่บลูม",157075,"Seagate"
4976,"Run girl ",157059,"Seagate"
4977,"Running Go!!!!!! ",157052,"Seagate"
4978,"BTT",157032,"Seagate"
4979,"กุ้งน้อยนึง",157021,"Seagate"
4979,"Ammy",157021,"Seagate"
4981,"ก้าวเบิกบาน",156995,"Seagate"
4982,"Late",156697,"Seagate"
4983,"จ๊ะเอ๋",156683,"Seagate"
4984,"ก้าวก้าว 99",156600,"Seagate"
4984,"Ae.nittaya",156600,"Seagate"
4986,"วัยกว่าพายุ",156265,"Seagate"
4987,"แบมแบมมาคนเดี่ยว",156245,"Seagate"
4988,"หวานเย็น🍧",156239,"Seagate"
4989,"ชาบูอ้วนๆๆ",156014,"Seagate"
4990,"ก้าวเดินไปแล้วนอน",155969,"Seagate"
4991,"กาเหว่า",155942,"Seagate"
4992,"small",155931,"Seagate"
4993,"NooNuyka🥰",155871,"Seagate"
4994,"🌻✌️",155539,"Seagate"
4995,"นังอ้วนตุ๊ต๊ะ",155464,"Seagate"
4996,"Koi😵",155209,"Seagate"
4997,"Run ran ฮิ้ว",155151,"Seagate"
4998,"Bowvy789VIP",155112,"Seagate"
4999,"Walking with elephants ",155046,"Seagate"
5000,"Introword",155040,"Seagate"
5001,"Bee Lay Team",154930,"Seagate"
5002,"Fern",154912,"Seagate"
5003,"กบร้ายแรง",154908,"Seagate"
5004,"888",154902,"Seagate"
5005,"มะนองมะแน่งมับ",154867,"Seagate"
5006,"Moonoii",154737,"Seagate"
5007,"Mil.",154705,"Seagate"
5008,"PS slow run",154643,"Seagate"
5009,"The Gorgeous Group",154587,"Seagate"
5010,"Orange ",154557,"Seagate"
5011,"Walk together",154524,"Seagate"
5012,"Sunrise ",154521,"Seagate"
5013,"เดินชมไม้",154426,"Seagate"
5014,"Mawsom",154402,"Seagate"
5015,"MFG INTERN",154394,"Seagate"
5016,"Snoopy",154330,"Seagate"
5017,"ซาลาเปาบูด",154320,"Seagate"
5018,"NuyRunning ",154277,"Seagate"
5019,"Coffee 99",154241,"Seagate"
5020,"เพื่อนไม่คบ.",154223,"Seagate"
5021,"แก๊งชาบู😋",154216,"Seagate"
5022,"สีม่วง",154187,"Seagate"
5023,"จิตร",153928,"Seagate"
5024,"กินแซ่บ..กินนั่ว🍯",153884,"Seagate"
5025,"I LovePhurin",153781,"Seagate"
5026,"Baluk",153665,"Seagate"
5027,"Doraemon สีฟ้า",153584,"Seagate"
5028,"วินแช่บ",153497,"Seagate"
5029,"สายฝน",153336,"Seagate"
5030,"Meeny",153276,"Seagate"
5031,"จั๊กเดะ",153219,"Seagate"
5032,"ตะละตะลุน",153155,"Seagate"
5033,"Introvert 🫡",153105,"Seagate"
5034,"ฉายเดี่ยว",153032,"Seagate"
5035,"ทัลลีดา",152909,"Seagate"
5036,"Atts31",152902,"Seagate"
5037,"Duckiller",152886,"Seagate"
5038,"เรารักซีเกท",152873,"Seagate"
5039,"คนแกร่ง",152786,"Seagate"
5040,"Ngern",152766,"Seagate"
5041,"สาวเฒ่า",152762,"Seagate"
5042,"เดินไปด้วยกันใจเต็มร้อย",152688,"Seagate"
5043,"fishing boy",152636,"Seagate"
5044,"Health good",152544,"Seagate"
5045,"Run for life2",152522,"Seagate"
5046,"jam",152465,"Seagate"
5047,"koykoy🫠",152389,"Seagate"
5048,"9ต่อไป",152381,"Seagate"
5049,"Springtown runner ",152365,"Seagate"
5050,"ชินจัง12",152330,"Seagate"
5051,"pen",152296,"Seagate"
5052,"Busy Bee",152197,"Seagate"
5053,"Bell",152174,"Seagate"
5054,"คอปเตอร์รัน",152173,"Seagate"
5055,"Gen Z ",152148,"Seagate"
5056,"Yingpin",152135,"Seagate"
5057,"LaLaLand",151766,"Seagate"
5058,"ยิ่งก้าวยิ่งได้",151696,"Seagate"
5059,"幸运番茄",151613,"Seagate"
5060,"Angel Gang",151596,"Seagate"
5061,"ฟิตเปี๊ยะะะ",151548,"Seagate"
5062,"Narak ",151501,"Seagate"
5063,"Fill",151421,"Seagate"
5064,"มาเล่นกันเถอะ",151401,"Seagate"
5065,"บัวลอยไข่หวาน",151370,"Seagate"
5066,"Pasa Steet",151369,"Seagate"
5067,"💕",151365,"Seagate"
5068,"Matl KRT",151307,"Seagate"
5069,"ตี๋น้อย100โล",151284,"Seagate"
5070,"Jankan",151279,"Seagate"
5071,"TT🫰🏻",151219,"Seagate"
5072,"Cat 🐈‍⬛",151182,"Seagate"
5073,"ทำ ทำไม🤔",150996,"Seagate"
5074,"ไม้กอล์ฟ",150994,"Seagate"
5075,"เตวตวยกั๋น",150930,"Seagate"
5076,"สมหญิง",150841,"Seagate"
5077,"ดนตรีของฉัน",150740,"Seagate"
5078,"Run for dad
",150728,"Seagate"
5079,"Ppim ",150662,"Seagate"
5080,"自由运动",150633,"Seagate"
5081,"แค่เอื้ม",150606,"Seagate"
5082,"Oregon",150514,"Seagate"
5083,"Baddie girl ",150375,"Seagate"
5084,"ฮีลใจ",150292,"Seagate"
5085,"catone",150261,"Seagate"
5086,"🏃‍♀️",150173,"Seagate"
5087,"สู้สุดใจ",150162,"Seagate"
5088,"Dmr Girl Health Journey",150157,"Seagate"
5089,"ไปกินหมูกระทะ",150128,"Seagate"
5090,"sustainability ",149990,"Seagate"
5091,"เอว S กำลังมา",149932,"Seagate"
5092,"Journey and Growth",149466,"Seagate"
5093,"เดินวันละนิดจิตแจ่มใส",149430,"Seagate"
5094,"🦉🐿️ฅ՞•ﻌ•՞ฅ",149304,"Seagate"
5095,"V1",149186,"Seagate"
5096,"ERA",148803,"Seagate"
5097,"ยิ่งเดินยิ่งหิว 😆😆",148730,"Seagate"
5098,"คนขี้เกียด",148680,"Seagate"
5099,"เดินดุ๊บๆ",148483,"Seagate"
5100,"🐷🧸",148461,"Seagate"
5101,"น้อย น้อย",148361,"Seagate"
5102,"หมูน้อย🐷",148266,"Seagate"
5103,"โปเต้",148062,"Seagate"
5104,"火箭弹",148000,"Seagate"
5105,"106PM",147944,"Seagate"
5106,"Nerds",147413,"Seagate"
5107,"pammie",147377,"Seagate"
5108,"หิวข้าวว่ะ!",147367,"Seagate"
5109,"pooh
",147346,"Seagate"
5110,"Pitstop",147249,"Seagate"
5111,"เดินๆๆ",147003,"Seagate"
5112,"แล่นหันๆ",146957,"Seagate"
5113,"สองเรา",146822,"Seagate"
5114,"Mean Time Between Sitdowns (MTBS)",146765,"Seagate"
5115,"Natural ",146517,"Seagate"
5116,"nancy",146398,"Seagate"
5117,"Shakopee,MN",146367,"Seagate"
5118,"Aing",146350,"Seagate"
5119,"DataTeam",146344,"Seagate"
5120,"ppa",146294,"Seagate"
5121,"slow ",146274,"Seagate"
5122,"Pudding caramel",146145,"Seagate"
5123,"Ubon",146119,"Seagate"
5124,"Remember ",146116,"Seagate"
5125,"Rlow",145910,"Seagate"
5126,"สุขภาพเริ่มที่ตัวเรา",145865,"Seagate"
5127,"PPN",145514,"Seagate"
5128,"แมว",145438,"Seagate"
5129,"Googjob",145411,"Seagate"
5130,"กินไปวิ่งไป",145282,"Seagate"
5131,"Phantom Thieves",145278,"Seagate"
5132,"ปารีณา",144918,"Seagate"
5133,"哆啦A梦之队",144871,"Seagate"
5134,"DreamTeam11",144709,"Seagate"
5135,"ก้าวไว",144672,"Seagate"
5136,"Selamat ",144414,"Seagate"
5137,"ไรเฟิล ",144265,"Seagate"
5138,"Beem",144171,"Seagate"
5139,"RIDER ",143834,"Seagate"
5140,"开心健康团队",143497,"Seagate"
5141,"Kaom🪸🎃",143457,"Seagate"
5142,"Introvert",143438,"Seagate"
5143,"สู้ไปด้วยน่ะจ้า",142857,"Seagate"
5144,"Go go",142805,"Seagate"
5145,"Estlonewofil",142744,"Seagate"
5146,"ทัน...ก็ตามมา...",142683,"Seagate"
5147,"Faii_sil",142634,"Seagate"
5148,"💪🏼",142542,"Seagate"
5149,"Boy",142290,"Seagate"
5150,"T DUT",142136,"Seagate"
5151,"Bunga lily",142125,"Seagate"
5152,"The Dinosaur ",142121,"Seagate"
5153,"อาณาจักร",141936,"Seagate"
5154,"ทัวน์ลิ้ง",141848,"Seagate"
5155,"Pints",141324,"Seagate"
5156,"ชาบู Team",141300,"Seagate"
5157,"I love my bed",141283,"Seagate"
5158,"Team Nad",141095,"Seagate"
5159,"ม หมูแข็งแรง",141027,"Seagate"
5160,"ร่วมเดินมีพลังบวก",141000,"Seagate"
5161,"Bam Bam",140993,"Seagate"
5162,"NRM Sliders",140860,"Seagate"
5163,"Running🏃‍♀️",140822,"Seagate"
5164,"คนสวยที่สุด",140714,"Seagate"
5165,"T",140708,"Seagate"
5166,"ชิเนม่อน",140631,"Seagate"
5167,"Fremont Stars ***",140496,"Seagate"
5168,"Solas",140468,"Seagate"
5169,"Relax",139981,"Seagate"
5170,"superwoman",139676,"Seagate"
5171,"คุณแม่ลูก 2",139560,"Seagate"
5172,"Hamburger",139065,"Seagate"
5173,"Ploy🩶",138911,"Seagate"
5174,"skyline ",138718,"Seagate"
5175,"เทสสเตป",138630,"Seagate"
5176,"ก้าวต่อไป",138556,"Seagate"
5177,"ทำเพื่อ...สุขภาพมั่ง😏",138513,"Seagate"
5178,"Lovely",138376,"Seagate"
5179,"🍵🫶🏻",138311,"Seagate"
5180,"มาม่าหมูสับ",138046,"Seagate"
5181,"Iron step",137805,"Seagate"
5182,"กระต่ายน้อย",137414,"Seagate"
5183,"หมึกขาวรัน",137303,"Seagate"
5184,"馒头",137147,"Seagate"
5185,"TD Team B 
",137031,"Seagate"
5186,"고고",136947,"Seagate"
5187,"คุณนายตื่นส",136939,"Seagate"
5188,"ใจกล้า
",136936,"Seagate"
5189,"随便吃不胖😃",136856,"Seagate"
5190,"Japan Club",136813,"Seagate"
5191,"Gogo252525",136787,"Seagate"
5192,"Opal
",136552,"Seagate"
5193,"RK",136431,"Seagate"
5194,"Unknow",136344,"Seagate"
5195,"Walking together",136314,"Seagate"
5196,"Bubu🐶",136174,"Seagate"
5197,"🏃🏃‍♀️🏃‍♂️",136016,"Seagate"
5198,"Chocolate ",135959,"Seagate"
5199,"crazy bakery ",135832,"Seagate"
5200,"ยี๊..เบคอน 🥓",135823,"Seagate"
5201,"Dorado B",135744,"Seagate"
5202,"ขยันเดิน ",135712,"Seagate"
5203,"圆嘟嘟",135699,"Seagate"
5204,"🌻.",135602,"Seagate"
5205,"Single mom",135517,"Seagate"
5206,"บอดี้เชพ
",135386,"Seagate"
5207,"ก้าว.999",135266,"Seagate"
5208,"มาช้าแต่มาน่ะ",134917,"Seagate"
5209,"เดินเดินนะ",134752,"Seagate"
5210,"Monster01",133921,"Seagate"
5211,"Sun Power ☀️",133885,"Seagate"
5212,"Power",133654,"Seagate"
5213,"ขาเคล็ด",133588,"Seagate"
5214," sumalee.chaerd
",133550,"Seagate"
5215,"โนเว
",133490,"Seagate"
5216,"Jag",133407,"Seagate"
5217,"🐷หมูน้อย
",133159,"Seagate"
5218,"Fresh Drives",133158,"Seagate"
5219,"ทีมเดิน❤️",132951,"Seagate"
5220,"วิ่งเก้า9",132911,"Seagate"
5221,"Nipawan pasuning",132771,"Seagate"
5222,"Success team",132671,"Seagate"
5223,"ลดหุ่น
",132650,"Seagate"
5224,"Num😼",132212,"Seagate"
5225,"Logistics EMEA ",132193,"Seagate"
5226,"มาราธอน🏃",132174,"Seagate"
5227,"Run or Die",132010,"Seagate"
5228,"Bob",131937,"Seagate"
5229,"royals",131841,"Seagate"
5230,"เอ่-เอ๊ะ",131621,"Seagate"
5231,"Innovation Tream",131521,"Seagate"
5232,"BTS RUN SEAGATE ",131466,"Seagate"
5233,"WITH YOU Always.",131415,"Seagate"
5234,"นะจ๊ะ",131290,"Seagate"
5235,"Now",131206,"Seagate"
5236,"Juju",131143,"Seagate"
5237,"Nextlifedevelopment",131139,"Seagate"
5238,"กุมมือกัน",131129,"Seagate"
5239,"Test Prod ",131122,"Seagate"
5240,"Empty room",130886,"Seagate"
5241,"หวานหวาน",130550,"Seagate"
5242,"เจ้าหญิงวุ่นวาย",130519,"Seagate"
5243,"ทิพฟี่",130505,"Seagate"
5244,"Phum",130448,"Seagate"
5245,"มาดามตุ๊ก",130261,"Seagate"
5246,"เหมียว เหมียว",130020,"Seagate"
5247,"Boat&Oat🐰🦦",129898,"Seagate"
5248,"Lykn ",129671,"Seagate"
5249,"Prakaii ",129643,"Seagate"
5250,"Packtray C",129492,"Seagate"
5251,"ฟาฝัน",129344,"Seagate"
5252,"สุขภาพก้าว",129292,"Seagate"
5253,"SEAL888",129277,"Seagate"
5254,"เดินนนน",129061,"Seagate"
5255,"อาหวังConvert🔥BE.",129004,"Seagate"
5256,"Cert Team",128931,"Seagate"
5257,"System3",128782,"Seagate"
5258,"วิ่งราว🏃🤝",128732,"Seagate"
5259,"วันละก้าว",128335,"Seagate"
5260,"ทรายทะเล",128075,"Seagate"
5261,"Summit99",127985,"Seagate"
5262,"หนุ่มโสด",127880,"Seagate"
5263,"เดินเข้าไปเพื่อน้องๆ
",127847,"Seagate"
5264,"Pizza999",127826,"Seagate"
5265,"หมูบิน",127739,"Seagate"
5266,"Chanthima",127542,"Seagate"
5267,"ปลาทู",127445,"Seagate"
5268,"เดินเก่ง",127378,"Seagate"
5269,"王者荣耀",127300,"Seagate"
5270,"Blue zone",126985,"Seagate"
5271,"บีมบี้
",126901,"Seagate"
5272,"Mana ",126718,"Seagate"
5273,"มายู",126567,"Seagate"
5274,"เดินชิล....ฮีลใจ",126422,"Seagate"
5275,"สวยไม่เบา 🦭",126270,"Seagate"
5276,"whatever",126252,"Seagate"
5277,"ราชสีห์",126102,"Seagate"
5278,"Yo-yo",125905,"Seagate"
5279,"Jenny",125844,"Seagate"
5280,"Step Up",125655,"Seagate"
5281,"NTerPrizeแพนนิ่ง",125458,"Seagate"
5282,"หมูปิ้งร้อนๆ
",125322,"Seagate"
5283,"Poppy",124892,"Seagate"
5284,"WALL.E",124843,"Seagate"
5285,"Janjira",124580,"Seagate"
5286,"14774",124517,"Seagate"
5287,"Sine slowly",124203,"Seagate"
5288,"speed99",124121,"Seagate"
5289,"运动先锋队",123815,"Seagate"
5290,"Hard disk!",123771,"Seagate"
5291,"Zul bakal CEO Seagate",123471,"Seagate"
5292,"Metals Team",123422,"Seagate"
5293,"งานดี",123421,"Seagate"
5294,"อุ้ยอ้าย",123164,"Seagate"
5295,"Barlab วิ่งไว",123102,"Seagate"
5296,"未来式",122795,"Seagate"
5297,"Enjoy ",122754,"Seagate"
5298,"Pizza zaaaa",122552,"Seagate"
5299,"Catwoman",122401,"Seagate"
5300,"ผอมน่ะย่ะ",122335,"Seagate"
5301,"Nongnong",122290,"Seagate"
5302,"Sexy girl ",122275,"Seagate"
5303,"时尚团队",122272,"Seagate"
5304,"Pie",122266,"Seagate"
5305,"เดินก้าวไกล",122168,"Seagate"
5306,"Bowy",122164,"Seagate"
5307,"My  sunshine✨🌻😍",122130,"Seagate"
5308,"สแกมเมอร์",121955,"Seagate"
5309,"ต้นน้ำ",121954,"Seagate"
5310,"☆คนตัดหญ้า☆",121777,"Seagate"
5311,"Gym seagate",121634,"Seagate"
5312,"ESG",121252,"Seagate"
5313,"Knitting99",121098,"Seagate"
5314,"SGIA",120688,"Seagate"
5315,"มะขาม",120586,"Seagate"
5316,"วิ่งเพื่อ จิ้มจุ่ม
",120385,"Seagate"
5317,"นับหนึ่ง",120349,"Seagate"
5318,"วิ่งเด้อ",120218,"Seagate"
5319,"ไม่เน้นเดิน เน้นตี้กินชาบูกัน",120030,"Seagate"
5320,"สีฟ้า",120028,"Seagate"
5321,"Pua",120000,"Seagate"
5321,"咕咕嘎嘎",120000,"Seagate"
5323,"หมูแข็งแรง",119951,"Seagate"
5324,"ย่องตอด",119904,"Seagate"
5325,"papa cgate",119369,"Seagate"
5326,"GO RUN",119230,"Seagate"
5327,"Tasto ",119167,"Seagate"
5328,"ไก่น้อย",119075,"Seagate"
5329,"กลุ่ม 3",118795,"Seagate"
5330,"TaMaoO",118765,"Seagate"
5331,"Sooner",118599,"Seagate"
5332,"Work bro
",118135,"Seagate"
5333,"SafeWalkers",118108,"Seagate"
5334,"gun",118019,"Seagate"
5335,"1234",117798,"Seagate"
5336,"วิ่งๆเดินๆ",117696,"Seagate"
5337,"蔡",117609,"Seagate"
5338,"Mylove",117575,"Seagate"
5339,"Onenoi",117339,"Seagate"
5340,"ลีลา",117307,"Seagate"
5341,"เดินคนเดี่ยว",117300,"Seagate"
5342,"Team Vikings",117248,"Seagate"
5343,"漫步云端",117241,"Seagate"
5344,"วิ่งตามหัวใจ วิ่งยังไงจะตามทันเธอ",117222,"Seagate"
5345,"Test Process",117159,"Seagate"
5346,"คุณนิชา🦋",117148,"Seagate"
5347,"ปิ๊ดปี้ปิ๊ด",117116,"Seagate"
5348,"ตะมุตะมิ มุ้งมิ้ง",116954,"Seagate"
5349,"🐶🚴🏃‍➡️",116882,"Seagate"
5350,"ก้าวที่ล่ะแต้ม",116729,"Seagate"
5351,"Tip running ",116574,"Seagate"
5352,"นักแบด",116399,"Seagate"
5353,"ขาดเราไป ใครจะนั่งคุย",116353,"Seagate"
5354,"✨️ Recovery Mode 🍀",116348,"Seagate"
5355,"runrun99",116200,"Seagate"
5356,"休闲小队",115886,"Seagate"
5357,"    🦶 RMO Step Bros ",115636,"Seagate"
5358,"The Walking Tread",115614,"Seagate"
5359,"pizzaa",115362,"Seagate"
5360,"Number11 
",115123,"Seagate"
5361,"Seagate",115116,"Seagate"
5362,"Platooxone",115089,"Seagate"
5363,"Step Up SMS",114957,"Seagate"
5364,"love love...",114937,"Seagate"
5365,"Strong ",114755,"Seagate"
5366,"หมีแพนด้า",114704,"Seagate"
5367,"    5 Steps Ahead",114503,"Seagate"
5368,"Chapaw ",114403,"Seagate"
5369,"คนสวยมาแล้วจ๊ะ",114344,"Seagate"
5370,"ข้าวเหนียวร้อน ๆ กินกับอะไรก็อร่อย",114265,"Seagate"
5371,"เก่งโรงไก่",114215,"Seagate"
5372,"FDDDE
",113858,"Seagate"
5373,"one new
",113610,"Seagate"
5374,"เดินด้วยกัน",113572,"Seagate"
5375,"SGPG",113545,"Seagate"
5376,"Meaw12",112994,"Seagate"
5377," Bird Brid ",112951,"Seagate"
5378,"number",112899,"Seagate"
5379,"50อัพ",112186,"Seagate"
5380,"Sourdough ",112063,"Seagate"
5381,"9🏆9",111816,"Seagate"
5382,"เอ็ก Nonwash kub",111774,"Seagate"
5383,"Janny",111679,"Seagate"
5384,"JD",111581,"Seagate"
5385,"เขย่ง ก้าว กระโดด",111305,"Seagate"
5386,"Running 🏃‍♀️ ",111241,"Seagate"
5387,"MK",111045,"Seagate"
5388,"Let's walk NRM 
",110907,"Seagate"
5389,"Ti Only",110851,"Seagate"
5390,"Team c",110829,"Seagate"
5391,"Trekkers",110654,"Seagate"
5392,"เพี่อนกัน",110637,"Seagate"
5393,"ภาคย์",110600,"Seagate"
5394,"unc",110544,"Seagate"
5395,"🥰🥰ผีเสื้อราตรี",110485,"Seagate"
5396,"สู้กับรอบเอว",110441,"Seagate"
5397,"mootuk",110272,"Seagate"
5398,"可口可乐队",110000,"Seagate"
5399,"Jun Run",109952,"Seagate"
5400,"云",109908,"Seagate"
5401,"walking on clouds",109809,"Seagate"
5402,"สบายยามเย็น",109550,"Seagate"
5403,"🖤♥️",109350,"Seagate"
5404,"ClubPloy",109135,"Seagate"
5405,"แต้ว",108941,"Seagate"
5406,"มะปราง",108742,"Seagate"
5407,"身心续航总署",108727,"Seagate"
5408,"Dark~Egg",108697,"Seagate"
5409,"X TEAM",108343,"Seagate"
5410,"Yeah",108102,"Seagate"
5411,"PhotonForce",108093,"Seagate"
5412,"พวกเรามาทำไม",107982,"Seagate"
5413,"nn",107933,"Seagate"
5414,"เดินทำงาน🥰",107767,"Seagate"
5415,"Buff Barbie 🎀",107735,"Seagate"
5416,"Banner ",107651,"Seagate"
5417,"kaew",107368,"Seagate"
5418,"Walk&Walk🚶‍♀️🚶🚶‍♀️",107352,"Seagate"
5419,"Oo🐱",107204,"Seagate"
5420,"china awesome ",107025,"Seagate"
5421,"อยากนอน",106883,"Seagate"
5422,"number one",106622,"Seagate"
5423,"扶老奶奶闯红灯",106600,"Seagate"
5424,"หมูทะ ชาบู",106418,"Seagate"
5425,"Better late than never",106337,"Seagate"
5426,"Harddown B-Team",106311,"Seagate"
5427,"kao",106245,"Seagate"
5428,"6ou",106096,"Seagate"
5429,"เดินเดี่ยวไปเลยครับ!!",105806,"Seagate"
5430,"Team Work C",105680,"Seagate"
5431,"Club noy",105158,"Seagate"
5432,"ดอกกล้วยไม้",105142,"Seagate"
5433,"ก้อยเสยอยู่ไม่เสย🤗",104869,"Seagate"
5434,"Pan",104760,"Seagate"
5435,"ผอมสิ☘️☘️",104697,"Seagate"
5436,"Jbs Handsome ",104475,"Seagate"
5437,"น่ารัก",104322,"Seagate"
5438,"Jazz Fedf’e",104297,"Seagate"
5439,"fit steps",104080,"Seagate"
5440,"Insane merah
",103839,"Seagate"
5441,"บี",103824,"Seagate"
5442,"123456",103805,"Seagate"
5443,"หนึ่งก้าวที่ยิ่งใหญ่",103803,"Seagate"
5444,"Pen,🍊🫰",103781,"Seagate"
5445,"วิ่งแบบพี่ตูน🕺🏻",103526,"Seagate"
5446,"คนอ้วนหมูขาว✌️",103338,"Seagate"
5447,"ทีมงานไม่เน้นงาน",103331,"Seagate"
5448,"BBBBB",103215,"Seagate"
5449,"ขนมครก",103015,"Seagate"
5450,"More",102702,"Seagate"
5451,"WB B5/3",102687,"Seagate"
5452,"อุ๊บอิ๊บเดินวิ่ง",102667,"Seagate"
5453,"Bento",102627,"Seagate"
5454,"STW",102571,"Seagate"
5455,"🤠",102509,"Seagate"
5456,"ไป🍀🌿❄️",102350,"Seagate"
5457,"Comet zuzaa ",102276,"Seagate"
5458,"เดินไปเรื่อย",102023,"Seagate"
5459,"ดูโอ้เทพเซียน😎",102012,"Seagate"
5460,"daocnai",101894,"Seagate"
5461,"รักแมว",101713,"Seagate"
5462,"ขำๆ",101518,"Seagate"
5463,"อวตาร",101000,"Seagate"
5464,"ขข",100912,"Seagate"
5465,"ขนมหวาน🤗",100722,"Seagate"
5466,"Club Care",100661,"Seagate"
5467,"pok pok",100649,"Seagate"
5468,"เบาหวิวเบาหวาน",100487,"Seagate"
5469,"ชมพู๊ ชมพู",100353,"Seagate"
5470,"Club Bow",100351,"Seagate"
5471,"BB",100206,"Seagate"
5472,"Bove",100043,"Seagate"
5473,"ม้ากระโดด",99910,"Seagate"
5474,"Pae🍀",99711,"Seagate"
5475,"เดินทีล่ะก้าว",99648,"Seagate"
5476,"หิวข้าวว",99603,"Seagate"
5477,"Jubjang
",99533,"Seagate"
5478,"one day",99000,"Seagate"
5479,"เกาต์เอง ✌🏻",98909,"Seagate"
5480,"Springtown Unite our steps",98653,"Seagate"
5481,"pitstop_tech",98610,"Seagate"
5482,"Nam Tc",98459,"Seagate"
5483,"Somsom",98375,"Seagate"
5484,"🤷แบกความลับจนหลังแอ่น",97969,"Seagate"
5485,"Cgg",97947,"Seagate"
5486,"❤️",97946,"Seagate"
5487,"快乐大本营",97911,"Seagate"
5488,"Kwang",97898,"Seagate"
5489,"อะไรก็ได้ง่ายๆ",97884,"Seagate"
5490,"walking sg",97817,"Seagate"
5491,"Nontapat ",97811,"Seagate"
5492,"Introw",97787,"Seagate"
5493,"ก้าวพันล้าน",97626,"Seagate"
5494,"หมู🌽",97209,"Seagate"
5495,"ฟีชซี่",97000,"Seagate"
5496,"Napatsorn",96893,"Seagate"
5497,"วิ่งเล่น",96826,"Seagate"
5498,"BukanRunClub",96685,"Seagate"
5499,"Go…",96355,"Seagate"
5500,"DAENG ดิว่ะ",95952,"Seagate"
5501,"Walk Alone ",95883,"Seagate"
5502,"น่ารักมากๆค่ะ",95624,"Seagate"
5503,"云云",95600,"Seagate"
5504,"ฟินทุกก้าว",95472,"Seagate"
5505,"ขอบคุณครับ",94971,"Seagate"
5506,"Lucky cats 😺",94896,"Seagate"
5507,"GoGo",94764,"Seagate"
5508,"Fighting ",94756,"Seagate"
5509,"RUOK",94741,"Seagate"
5510,"开心小组",94737,"Seagate"
5511,"CoffeeAndSteps",94716,"Seagate"
5512,"ทีมหัวใจ",94704,"Seagate"
5513,"jindarat",94586,"Seagate"
5514,"Runaways ",94585,"Seagate"
5515,"หวานเจี๊ยบ1",94346,"Seagate"
5516,"BirdsBirds",94183,"Seagate"
5517,"Meaw Meaw",94075,"Seagate"
5518,"มุ้มมิ้ม",94060,"Seagate"
5519,"The Belly Boy",93913,"Seagate"
5520,"Sky LOSO",93903,"Seagate"
5521,"Svt",93811,"Seagate"
5522,"ย่างก้าวว",93795,"Seagate"
5523,"Power step S99",93710,"Seagate"
5524,"Sea",93622,"Seagate"
5525,"Big mikes ",93432,"Seagate"
5526,"วิ่งๆๆๆ
",93258,"Seagate"
5527,"JBFOREVER",93220,"Seagate"
5528,"Jai jai",93209,"Seagate"
5529,"May*",92778,"Seagate"
5529,"Wu Jianfeng(China)",92778,"Seagate"
5531,"Fine 9",92710,"Seagate"
5532,"Rakky",92617,"Seagate"
5533,"tum",92526,"Seagate"
5534,"Kaekai",92517,"Seagate"
5535,"หน่วย Seal",92155,"Seagate"
5536,"ก้าวทีละนิด",92087,"Seagate"
5537,"40🐰ยังสวย🐰",92074,"Seagate"
5538,"Monnatt",92047,"Seagate"
5539,"อยู่ไม่ไหว",91391,"Seagate"
5540,"เดินหลงทาง",91275,"Seagate"
5541,"คำต็อกทีม",90957,"Seagate"
5542,"me n my",90856,"Seagate"
5543,"Kittylove",90851,"Seagate"
5544,"Steps and Snapshots 👟📷",90837,"Seagate"
5545,"lex",90747,"Seagate"
5546,"Ponne",90696,"Seagate"
5547,"เราไหว",90618,"Seagate"
5548,"เดินให้สุด😆",90543,"Seagate"
5549,"Jessadaporn Klipklang",90266,"Seagate"
5550,"拉拉杂杂",90000,"Seagate"
5550,"兴风作浪",90000,"Seagate"
5552,"Somsom🍊",89973,"Seagate"
5553,"เดินช้าๆ✌️",89629,"Seagate"
5554,"วิ่งกิน",89559,"Seagate"
5555,"เมย์",89086,"Seagate"
5556,"Koiija",89032,"Seagate"
5557,"MRB Man",88994,"Seagate"
5558,"Maprang1998",88912,"Seagate"
5559,"น้ำมนต์ ที่ไม่ใช่สิ่งศักดิ์สิทธิ์",88781,"Seagate"
5560,"IMETA",88692,"Seagate"
5561,"น้อนแตง",88574,"Seagate"
5562,"Rachakul",88478,"Seagate"
5563,"Lazy Feet",88199,"Seagate"
5564,"สุดหล่อ",88086,"Seagate"
5565,"ShabuShabu",87900,"Seagate"
5566,"This is team name",87753,"Seagate"
5567,"Rung
",87709,"Seagate"
5568,"สุขภาพดีดี",87606,"Seagate"
5569,"It's me",87528,"Seagate"
5570,"สาลี่🍐",87464,"Seagate"
5571,"Comet STM",87315,"Seagate"
5572,"Happy running ",87215,"Seagate"
5573,"Steps Galore ",86745,"Seagate"
5574," Finish 

",86709,"Seagate"
5575,"Sour dream",86634,"Seagate"
5576,"วิ่งเดิน",86550,"Seagate"
5577,"สปีดหอยทาก🐌​",86315,"Seagate"
5578,"เดินเล่นคนเดียว",86121,"Seagate"
5579,"ไม่เดิน",86046,"Seagate"
5580,"บางอ้อ",86012,"Seagate"
5581,"พี่ดาวสู้ตาย",86000,"Seagate"
5582,"test",85877,"Seagate"
5583,"หมีน้อย🧸",85516,"Seagate"
5584,"1111
",85329,"Seagate"
5585,"ตามอารมณ์",85069,"Seagate"
5586,"อะไรก็ได้🐶",84960,"Seagate"
5587,"ฉันเอง",84895,"Seagate"
5588,"รักสุขภาพ✌️✌️✌️🥰🥰",84864,"Seagate"
5589,"เลิกพูดแล้วลงมือทำ ✅",84674,"Seagate"
5590,"PExA",84599,"Seagate"
5591,"Platy fuu",84540,"Seagate"
5592,"เดินแจกยิ้ม",84416,"Seagate"
5593,"Stage Step",84412,"Seagate"
5594,"🫶🏻🏃",84383,"Seagate"
5595,"TBD",84354,"Seagate"
5596,"คิดออกแล้วจะบอกเอง",84292,"Seagate"
5597,"Namzaa",84263,"Seagate"
5598,"หมูอ้วนๆ",84213,"Seagate"
5599,"ก้าวไปข้างหน้าให้เร็ว",84147,"Seagate"
5600,"Deeee",84144,"Seagate"
5601,"Sweetie",84055,"Seagate"
5602,"Pickleball Steps",84037,"Seagate"
5603,"เส้นเซวิก",84030,"Seagate"
5604,"เหนื่อย",83924,"Seagate"
5605,"Aom run
",83819,"Seagate"
5606,"อินฟลู",83762,"Seagate"
5607,"ลองเดินดู",83640,"Seagate"
5608,"徒步散糖",83411,"Seagate"
5609,"มะนาวจ้า",83184,"Seagate"
5610,"beauty",82873,"Seagate"
5611,"You",82827,"Seagate"
5612," Nid",82800,"Seagate"
5613,"ชมพู่",82622,"Seagate"
5614,"น้อยแซ่บเว่อร์",82608,"Seagate"
5615,"团结就是力量

",82537,"Seagate"
5616,"ถั่วดิน",82444,"Seagate"
5617,"Beam",82377,"Seagate"
5618,"เดินวันละก้าว",82302,"Seagate"
5619,"Sirikul",82140,"Seagate"
5620,"k",82113,"Seagate"
5621,"Fang",82059,"Seagate"
5622,"Toytoy",82000,"Seagate"
5623,"หมูเด้งเด้ง,",81946,"Seagate"
5624,"wuxi rolling stone",81669,"Seagate"
5625,"จูนิเป้อ",81657,"Seagate"
5626,"AJ",81581,"Seagate"
5627,"FromRunning ",81502,"Seagate"
5628,"j with jh",81348,"Seagate"
5629,"Wonder Women",81104,"Seagate"
5630,"🤸‍♂️",81014,"Seagate"
5631,"chabuhunter ",80872,"Seagate"
5632,"A .",80865,"Seagate"
5633,"B11",80832,"Seagate"
5634,"B",80692,"Seagate"
5635,"Foot Print",80361,"Seagate"
5636,"ศิริน",80015,"Seagate"
5637,"ส้มส้ม",79941,"Seagate"
5638,"Got7🌴🌴🌴",79625,"Seagate"
5639,"วิ่งแลกตี๋",79557,"Seagate"
5640,"😸😸",79547,"Seagate"
5641,"ค่อยค่อยก้าว",79521,"Seagate"
5642,"🥹",79252,"Seagate"
5643,"Sputter Crew",79212,"Seagate"
5644,"รักสกายที่สุดเลย",79202,"Seagate"
5645,"Teams running ",79190,"Seagate"
5646,"ก้าวกระโดด",79174,"Seagate"
5647,"เดินชิลๆ",78869,"Seagate"
5648,"MRB power girls ",78627,"Seagate"
5649,"ไก่แนนหนู🏃",78620,"Seagate"
5650,"TONE",78586,"Seagate"
5651,"สู้ๆๆๆ",78440,"Seagate"
5652,"สุขภาพแข็งแรง",78354,"Seagate"
5653,"Siri Th",78317,"Seagate"
5654,"A shift Mgrs",78231,"Seagate"
5655,"Barlap",78222,"Seagate"
5656,"เดินไปเรื่อย เหนื่อยก้อพัก",78193,"Seagate"
5657,"หญิง",78027,"Seagate"
5658,"ลัคกี้สตาร์",77865,"Seagate"
5659,"Am am✌️✌️",77730,"Seagate"
5660,"North",77649,"Seagate"
5661,"Classy Baby",77623,"Seagate"
5662,"Nok😀",77582,"Seagate"
5663,"สู้เพื่อโรงงาน",77508,"Seagate"
5664,"คนเดียววว",77434,"Seagate"
5665,"Run For Lunch",77380,"Seagate"
5666,"แอปเปิ้ลมะละกอกล้วยส้ม",77293,"Seagate"
5667,"-",77260,"Seagate"
5668,"Song noen BanHan",77254,"Seagate"
5669,"Sole Good",77219,"Seagate"
5670,"Hell Thailand",77112,"Seagate"
5671,"Dynamic Energy ",77000,"Seagate"
5672,"Kaido",76917,"Seagate"
5673,"นับคนเดียว",76784,"Seagate"
5674,"C",76701,"Seagate"
5675,"home9",76389,"Seagate"
5676,"kfccc",76342,"Seagate"
5677,"Pansureepon",76221,"Seagate"
5678,"นี่เราอยากเดินหรอเนี่ยยย 😅🦿",76154,"Seagate"
5679,"Zhoushen",75939,"Seagate"
5680,"ต้นตาล",75880,"Seagate"
5681,"Dajim",75816,"Seagate"
5682,"Milker",75767,"Seagate"
5683,"หัวจะปวด",75561,"Seagate"
5684,"ก้าวยังไง",75523,"Seagate"
5685,"NANO",75439,"Seagate"
5686,"The Three Musketeers",75346,"Seagate"
5687,"เลิฟยู",75198,"Seagate"
5688,"One step at a time ",75165,"Seagate"
5689,"Mark",75125,"Seagate"
5690,"เริ่ด",74841,"Seagate"
5691,"บัวลอย",74391,"Seagate"
5692,"Wilawan1993",74338,"Seagate"
5693,"phet_dji",74300,"Seagate"
5694,"Dodgeballer",74281,"Seagate"
5695,"Ann",74254,"Seagate"
5696,"ทำดีได้ดี",74222,"Seagate"
5697,"Captain ",74219,"Seagate"
5698,"Loukm-OO-team",73956,"Seagate"
5699,"กระชับมิตร",73887,"Seagate"
5700,"เดินไปเรื่อยๆ",73833,"Seagate"
5701,"club drink",73560,"Seagate"
5702,"Manu",73289,"Seagate"
5703,"Lazy Frodo",73236,"Seagate"
5704,"Ambulance🚑",72851,"Seagate"
5705,"ผัดไทยกุ้งสด💚🤍",72823,"Seagate"
5706,"Oat",72784,"Seagate"
5707,"FonFon",72641,"Seagate"
5708,"Power walker ",72610,"Seagate"
5709,"Dashboard-Dashers",72553,"Seagate"
5710,"เดินคนเดียว",72523,"Seagate"
5711,"กล้วยส้ม",72387,"Seagate"
5712,"ผลไม้วิ่ง🍊",72310,"Seagate"
5713,"runfun",72306,"Seagate"
5714,"กินแซ่บ😅",72295,"Seagate"
5715,"Run for cat 🏅",72158,"Seagate"
5716,"Drivezaza",72078,"Seagate"
5717,"平安如意",72000,"Seagate"
5718,"Get Well Soon",71947,"Seagate"
5719,"แซวซะทีม",71937,"Seagate"
5720,"Best",71914,"Seagate"
5721,"Giorno",71405,"Seagate"
5722,"Pool23",71323,"Seagate"
5723,"每天快乐
",70999,"Seagate"
5724,"สู้ก้าวไกล",70997,"Seagate"
5725,"แลนหันหัน",70992,"Seagate"
5726,"papaya",70637,"Seagate"
5727,"奔跑吧兄弟",70635,"Seagate"
5728,"Janganmalaslari",70552,"Seagate"
5729,"โสรญา",70483,"Seagate"
5730,"nanaats ",70332,"Seagate"
5731,"Hamstring ",70178,"Seagate"
5732,"SG-ROVTH",70097,"Seagate"
5733,"Two Blocks",70055,"Seagate"
5734,"สุดจัด",69952,"Seagate"
5735,"ยายแจ๋ว😻",69900,"Seagate"
5736,"ชิว ชิว กันไป",69815,"Seagate"
5737,"Little ant",69810,"Seagate"
5738,"Walking for health",69417,"Seagate"
5739,"สุดสวย",69372,"Seagate"
5740,"Sauce",69277,"Seagate"
5741,"เหมียวแป๋วแหว๋ว",69264,"Seagate"
5742,"One",69235,"Seagate"
5743,"เดิน ๆ",69109,"Seagate"
5744,"Phatchara ",69016,"Seagate"
5745,"47Ronin",68982,"Seagate"
5746,"万马奔腾",68930,"Seagate"
5747,"ฮิลใจ",68896,"Seagate"
5748,"ก๋วยเตี๋ยว^_^",68878,"Seagate"
5749,"สดใส",68647,"Seagate"
5750,"มีตังค์",68644,"Seagate"
5751,"Logo🪇",68360,"Seagate"
5752,"Forfun",68349,"Seagate"
5753,"2PM",68254,"Seagate"
5754,"Air",67926,"Seagate"
5755,"Aueamphon",67856,"Seagate"
5756,"ก้าวเดินกันเถอะ",67500,"Seagate"
5757,"ท้องฟ้า",67479,"Seagate"
5758,"Anusara",67312,"Seagate"
5759,"91",67201,"Seagate"
5760,"Aratchaphon ",67187,"Seagate"
5761,"หมา🐶",67093,"Seagate"
5762,"ก้าวดี ชีวีสุขสันต์",67076,"Seagate"
5763,"siriphon 😍😍",66764,"Seagate"
5764,"Lazy Lazy ",66754,"Seagate"
5765,"ก้อมาดิคร้าบ",66691,"Seagate"
5766,"DVL",66646,"Seagate"
5767,"ก้าวๆ",66403,"Seagate"
5768,"เดิน- วิ่งชิงโชค",66340,"Seagate"
5769,"rabbit 🐰",66210,"Seagate"
5770,"เดินเรื่อยๆ เมื่อยก็หยุด",65987,"Seagate"
5771,"Synergistics",65904,"Seagate"
5772,"tikkkk",65900,"Seagate"
5773,"บัว",65764,"Seagate"
5774,"Seagate Warriors",65704,"Seagate"
5775,"หมูกระทะ",65694,"Seagate"
5776,"bunny",65641,"Seagate"
5777,"เพื่อสุขภาพ",65572,"Seagate"
5778,"Monsterx",65509,"Seagate"
5779,"แมวน้อยยย",65220,"Seagate"
5780,"kitty pink",65119,"Seagate"
5781,"John",65000,"Seagate"
5782,"earn",64968,"Seagate"
5783,"404LOL",64905,"Seagate"
5784,"alaska",64882,"Seagate"
5785,"Poppy_Pop",64858,"Seagate"
5786,"NA",64832,"Seagate"
5787,"ITCHA",64719,"Seagate"
5788,"Lamore",64622,"Seagate"
5789,"ทีมจริงๆนะ",64563,"Seagate"
5790,"แนนวิ",64533,"Seagate"
5791,"longgong
",64360,"Seagate"
5792,"กันและกัน",63986,"Seagate"
5793,"ปั้นๆ
",63752,"Seagate"
5794,"Mayhem Managers",63695,"Seagate"
5795,"ขาสั้นขยันเดิน",63680,"Seagate"
5796,"Run สุดๆๆ",62995,"Seagate"
5797,"อืม
",62873,"Seagate"
5798,"คนเดียว
",62742,"Seagate"
5799,"วิ่งเก็บเยลลี่🍬",62562,"Seagate"
5800,"1",62467,"Seagate"
5801,"สายไหม🍭",62399,"Seagate"
5802,"ก้าวไปด้วยกันเลยค่ะ",62257,"Seagate"
5803,"Pornnuppun",62189,"Seagate"
5804,"CHERy",62144,"Seagate"
5805,"Idk what to call this?",61957,"Seagate"
5806,"🍀",61866,"Seagate"
5807,"Mini",61848,"Seagate"
5808,"Peach",61764,"Seagate"
5809,"许洁团队",61693,"Seagate"
5810,"หมูน้อยจะเดิน",61664,"Seagate"
5811,"ธันวา",61516,"Seagate"
5812,"ปิยะพงษ์",61351,"Seagate"
5813,"🐷🐷🐷🐷",61129,"Seagate"
5814,"รุ่ง✌️💚",61119,"Seagate"
5815,"หวานเย็น..😘",60969,"Seagate"
5816,"ALULMB",60893,"Seagate"
5817,"Nanny",60842,"Seagate"
5818,"อยากมีเพื่อน",60667,"Seagate"
5819,"Stand alone",60647,"Seagate"
5820," Coconut Matcha",60642,"Seagate"
5821,"CHERY ",60530,"Seagate"
5822,"แมวดำ",60197,"Seagate"
5823,"步步生风",60147,"Seagate"
5824,"Moo❤️",60141,"Seagate"
5825,"catcat",60009,"Seagate"
5826,"Kareeyoonai",60000,"Seagate"
5826,"卧龙凤雏",60000,"Seagate"
5826,"T2",60000,"Seagate"
5829,"盛夏时节",59996,"Seagate"
5830,"Chana",59959,"Seagate"
5831,"W3@FCC Team",59426,"Seagate"
5832,"Gohome",59326,"Seagate"
5833,"Seagate123",59275,"Seagate"
5834,"ว๊าววววว..14",59097,"Seagate"
5835,"som jeed",59062,"Seagate"
5836,"เดิน-วิ่ง ทิ้งไขมัน",58971,"Seagate"
5837,"seagate w2",58741,"Seagate"
5838,"หนิง",58563,"Seagate"
5839,"บอลลูน",58548,"Seagate"
5840,"ชอบอยู่คนเดียว",58313,"Seagate"
5841,"Milktea",58117,"Seagate"
5842,"勇敢牛牛",58071,"Seagate"
5843,"Budurun",58032,"Seagate"
5844,"Out of breath ",58000,"Seagate"
5845,"อาจารย์Bitd",57999,"Seagate"
5846,"Contam2",57995,"Seagate"
5847,"มันย้อย",57974,"Seagate"
5848,"เดินคนเดียวนานนานมันเหงา",57961,"Seagate"
5849,"Nimbus",57820,"Seagate"
5850,"ส้มหวาน",57784,"Seagate"
5851,"ขาเปรี้ย",57722,"Seagate"
5852,"LAZY",57501,"Seagate"
5853,"ลูกหยี🥰",57075,"Seagate"
5854,"JU_ZAA",57066,"Seagate"
5855,"光萍",56943,"Seagate"
5856,"TD TEAM ",56790,"Seagate"
5857,"ไม่เดินเยอะปวดขา",56697,"Seagate"
5858,"Clean ME SFV
",56497,"Seagate"
5859,"New photo a shift ",56441,"Seagate"
5860,"🫧",56298,"Seagate"
5861,"มะลิซ้อน",56296,"Seagate"
5862,"松野派对",56116,"Seagate"
5863,"Coco",56035,"Seagate"
5864,"แก๊งค์ทรชล🐷",55944,"Seagate"
5865,"Blizzard ",55875,"Seagate"
5866,"สองสามก้าว(239)",55695,"Seagate"
5867,"อ่อนหัด",55658,"Seagate"
5868,"ก้าว3ถอย4 🤣",55585,"Seagate"
5869,"Cat❤️",55567,"Seagate"
5870,"👣🐾 <3",55557,"Seagate"
5871,"Run strong",55522,"Seagate"
5872,"BRU",55084,"Seagate"
5873,"สดใส ร่าเริง",54990,"Seagate"
5874,"เท้าไฟ^_^",54831,"Seagate"
5875,"แมวโพง",54629,"Seagate"
5876,"ก้าว ส่งต่อ",54127,"Seagate"
5877,"🏃‍♀️🏃🏃‍♀️",54063,"Seagate"
5878,"ก้าวที่ดี",53865,"Seagate"
5879,"ก้อยขมต้มแซ่บ",53774,"Seagate"
5880,"สุกี้",53446,"Seagate"
5881,"เสก ไฮโล
",53376,"Seagate"
5882,"😶‍🌫️",53350,"Seagate"
5883,"เหนือดวง
",53222,"Seagate"
5884,"น้ำหนึ่ง9",53167,"Seagate"
5885,"นี้ฉันรักสุขภาพหรือ
",53052,"Seagate"
5886,"นุ่น นุ่น",52915,"Seagate"
5887,"All-star 2026",52788,"Seagate"
5888,"A Team ME runing",52745,"Seagate"
5889,"Club Aom",52164,"Seagate"
5890,"ลองกอง",52091,"Seagate"
5891,"Ran ran หลาย",51947,"Seagate"
5892,"B@B😘",51828,"Seagate"
5893,"สตอรี่สีเทา",51773,"Seagate"
5894,"ก้าวกัน",51757,"Seagate"
5895,"Damian",51414,"Seagate"
5896,"ดอกไม้",51384,"Seagate"
5897,"ลัดดา ",51320,"Seagate"
5898,"Daisy",51214,"Seagate"
5899,"忘忧草",51190,"Seagate"
5900,"Poppy Healthy ",51094,"Seagate"
5901,"Aaron’s Wellness Challenge",51057,"Seagate"
5902,"披萨",51000,"Seagate"
5903,"มองไปข้างหน้า",50873,"Seagate"
5904,"พิซซ่า",50802,"Seagate"
5905,"沉默断交",50426,"Seagate"
5906,"ท่องโก๋",50265,"Seagate"
5907,"มิตรสหาย",50069,"Seagate"
5908,"ปีโป้ 171034",50016,"Seagate"
5909,"Club Bee",50002,"Seagate"
5910,"ปวดขา",49999,"Seagate"
5911,"เพ้อฝัน",49792,"Seagate"
5912,"Pawsitive Impact",49661,"Seagate"
5913,"ค่อยๆไม่รีบ🤣",49639,"Seagate"
5914,"Katrina",49531,"Seagate"
5915,"อ้อมใจ",49368,"Seagate"
5916,"No. 1",49309,"Seagate"
5917,"ก้าวเพื่อเธอ",49202,"Seagate"
5918,"Home six comet",49000,"Seagate"
5919,"เดินDD",48337,"Seagate"
5920,"old is gold",48311,"Seagate"
5921,"introvert. ",48203,"Seagate"
5922,"Chalisa",48176,"Seagate"
5923,"หุ่นหมี",48164,"Seagate"
5924,"Danny Breslin",47903,"Seagate"
5925,"Team Benny",47685,"Seagate"
5926,"你ok吗",47664,"Seagate"
5927,"
เพื่อหุ่นสวย",47557,"Seagate"
5928,"คนหน้าตาดี",47375,"Seagate"
5929,"Fola",47102,"Seagate"
5930,"เต็มที",47074,"Seagate"
5931,"SeaWalk",46461,"Seagate"
5932,"1Million Step",46202,"Seagate"
5933,"Aomza✨",46124,"Seagate"
5934,"พี่นิว พี่แ",46113,"Seagate"
5935,"สุแปลว่าดี",46101,"Seagate"
5936,"knp",45961,"Seagate"
5937,"Tukta ",45931,"Seagate"
5938,"Ploy
",45511,"Seagate"
5939,"รุ่งนภา",45239,"Seagate"
5940,"徙步",44987,"Seagate"
5941,"Julie's joggers",44949,"Seagate"
5942,"Fernfit",44611,"Seagate"
5943,"เดินไปเดินมา",44485,"Seagate"
5943,"เดินเรื่อยๆV1",44485,"Seagate"
5945,"Stage K🕺",44260,"Seagate"
5946,"Go Go Walk",44124,"Seagate"
5947,"monthicha
",44024,"Seagate"
5948,"chabu
",43800,"Seagate"
5949,"Everything",43705,"Seagate"
5950,"HayDay",43249,"Seagate"
5951,"😇😇",42922,"Seagate"
5952,"Nameza777",42891,"Seagate"
5953,"Fix",42614,"Seagate"
5954,"Payuta",42608,"Seagate"
5955,"Met-Diel Stepper",42329,"Seagate"
5956,"ไปดวงดาว",42283,"Seagate"
5957,"Charming ",42269,"Seagate"
5958,"BIGFOOT",42222,"Seagate"
5959,"IDK?",41856,"Seagate"
5960,"jujula",41442,"Seagate"
5961,"เดินเถื่อน",41292,"Seagate"
5962,"MYY",41227,"Seagate"
5963,"Pao",41034,"Seagate"
5964,"LG",41022,"Seagate"
5965,"น้อยน้อยKitting",41006,"Seagate"
5966,"ไม่ลืมก็หลง",40935,"Seagate"
5967,"Lukkad",40546,"Seagate"
5968,"EVF1",40392,"Seagate"
5969,"腹愁者联盟",40300,"Seagate"
5970,"สบายใจ
",40147,"Seagate"
5971,"OH Strong ",40142,"Seagate"
5972,"my pet parrot",40078,"Seagate"
5973,"Me stor",39772,"Seagate"
5974,"นานา",39766,"Seagate"
5975,"Only",39380,"Seagate"
5976,"Mineny",39350,"Seagate"
5977,"น๊อตน้อย",39321,"Seagate"
5978,"🏃",39285,"Seagate"
5979,"อายนอนเถอะ",39087,"Seagate"
5980,"หมูแฮม",38733,"Seagate"
5981,"运动",38590,"Seagate"
5982,"哒哒哒",38516,"Seagate"
5983,"MetCR_A",38506,"Seagate"
5984,"panng",38341,"Seagate"
5985,"Solo-leveling",38281,"Seagate"
5986,"กุ๊บกิ๊ฟ",38185,"Seagate"
5987,"⑥⑦ SQUAD ",38048,"Seagate"
5988,"Runn",38000,"Seagate"
5988,"สุขภาพดี☺️☺️☺️",38000,"Seagate"
5990,"Slime",37923,"Seagate"
5991,"Return ",37707,"Seagate"
5992,"Itsara",37532,"Seagate"
5993,"mintC/R",37341,"Seagate"
5994,"เดินคนเดียวนะ
",37146,"Seagate"
5995,"เริ่ดเลยล่ะ",37114,"Seagate"
5996,"ก้าววันล่ะนิด",37051,"Seagate"
5997,"阿良",36540,"Seagate"
5998,"กระต้อด",36212,"Seagate"
5998,"Vijay’s team",36212,"Seagate"
6000,"หมีพูห์",36055,"Seagate"
6001,"Classic running ",36016,"Seagate"
6002,"kaija",35980,"Seagate"
6003,"นุ่น‘น้อย",35386,"Seagate"
6004,"ยายอ๋อยสู้ๆ",35317,"Seagate"
6005,"Maverick ",35287,"Seagate"
6006,"The Wellness Collective ",35079,"Seagate"
6007,"พร้อมก้าว",35009,"Seagate"
6008,"yyy",34633,"Seagate"
6009,"Team Posey",34542,"Seagate"
6010,"ช้างน้อย",34380,"Seagate"
6011,"Binnnn",34340,"Seagate"
6012,"อึ่งๆๆๆ",34307,"Seagate"
6013,"Wintrovert",34122,"Seagate"
6014,"Ngesot",34119,"Seagate"
6015,"Fremont - Path to Power",33930,"Seagate"
6016,"มีอะไรให้ฮา 555 ",33752,"Seagate"
6017,"Team KSJ",33671,"Seagate"
6018,"ทีมกระต่าย",33656,"Seagate"
6019,"Step Tick",33000,"Seagate"
6020,"ตามตะวัน",32691,"Seagate"
6021,"วันนี้จะนอน",32282,"Seagate"
6022,"运动一下",32127,"Seagate"
6023,"BBTH",32085,"Seagate"
6024,"Phoenix",31707,"Seagate"
6025,"runnnn",31699,"Seagate"
6026,"ส้มจี๊ด
",31671,"Seagate"
6027,"Vin",31609,"Seagate"
6028,"indy😻",31511,"Seagate"
6029,"สุกัญญา",31502,"Seagate"
6030,"newpack",31331,"Seagate"
6031,"ice cream ",31280,"Seagate"
6032,"Gracie",31121,"Seagate"
6033,"Devika",31067,"Seagate"
6034,"สร้างสุขภาพ",31000,"Seagate"
6035,"ProWaNa🐱",30777,"Seagate"
6036,"Namtal",30560,"Seagate"
6037,"เดินจนกว่าจะผอม!!",30523,"Seagate"
6038,"เออนั่นหละ",30406,"Seagate"
6039,"เดินเพื่อสุขภาพดี",30252,"Seagate"
6040,"Infinity99",30086,"Seagate"
6041,"tem",30000,"Seagate"
6041,"Beenbarlap",30000,"Seagate"
6041,"สายลม",30000,"Seagate"
6041,"นารีรำพึง ",30000,"Seagate"
6041,"步数派",30000,"Seagate"
6041,"退休老姐妹",30000,"Seagate"
6041,"共创辉煌",30000,"Seagate"
6048,"向前进",29999,"Seagate"
6049,"N",29329,"Seagate"
6050,"สุขภาพดี🥳",29166,"Seagate"
6051,"1a",29072,"Seagate"
6052,"NKNP",28834,"Seagate"
6053,"DEMON",28458,"Seagate"
6054,"御风营",27856,"Seagate"
6055,"Pangpang",27830,"Seagate"
6056,"C6SVB",27827,"Seagate"
6057,"👻",27696,"Seagate"
6058,"LCO SRG",27683,"Seagate"
6059,"Cola jub",27657,"Seagate"
6060,"Niquu 🧸",27413,"Seagate"
6061,"toei",26695,"Seagate"
6062,"ก้าวก้าว",26616,"Seagate"
6063,"Thailand",26473,"Seagate"
6064,"SeagateC 
",26405,"Seagate"
6065,"Funtastic4",26273,"Seagate"
6066,"อ้อมจัง",26051,"Seagate"
6067,"ไปให้สุด",25790,"Seagate"
6068,"漫步人生
",25500,"Seagate"
6069,"Health Win Wealth",25199,"Seagate"
6070,"ของหวาน",25110,"Seagate"
6071,"ปอร์เช่",24658,"Seagate"
6072,"2 roses",24656,"Seagate"
6073,"แมวเหมียว😼",24460,"Seagate"
6074,"Stawall",23604,"Seagate"
6075,"Arsenal",23401,"Seagate"
6076,"cc",23301,"Seagate"
6077,"momay",22885,"Seagate"
6078,"Servo",22819,"Seagate"
6079,"Room_1B",22504,"Seagate"
6080,"HWENG_EISI",22172,"Seagate"
6081,"Pinky 💕",22153,"Seagate"
6082,"Thailand แดนคนดี",22079,"Seagate"
6083,"YGW",21914,"Seagate"
6084,"สุขภาพ",21884,"Seagate"
6085,"ตัวอ้วนตาโต",21809,"Seagate"
6086,"วิ่งเก็บแมว",21734,"Seagate"
6087,"🌗mw🌓",21641,"Seagate"
6088,"NBA
let's go run",21577,"Seagate"
6089,"Photo ไปกันเลย ",21504,"Seagate"
6090,"tree",21500,"Seagate"
6091,"support 
",21076,"Seagate"
6092,"ก้าวแต่ละก้าว",21000,"Seagate"
6092,"时尚小猫",21000,"Seagate"
6094,"P'Aoe 
",20800,"Seagate"
6095,"Happy Happy",20553,"Seagate"
6096,"energy ",20450,"Seagate"
6097,"ชินจังจัง",20000,"Seagate"
6098,"Earnn Jha🌼",19530,"Seagate"
6099,"สุวัตร",19448,"Seagate"
6100,"Koung",19122,"Seagate"
6101,"wash Maint w3 a team ",19094,"Seagate"
6102,"Coco power",18678,"Seagate"
6103,"ตะกี้",18105,"Seagate"
6104,"小短腿",18059,"Seagate"
6105,"威震天",17640,"Seagate"
6106,"Teera",17137,"Seagate"
6107,"ดอกมะลิ",17000,"Seagate"
6108,"เบบี้ดั้ก",15840,"Seagate"
6109,"อ่อนซ้อม",15345,"Seagate"
6109,"หมีใหญ่",15345,"Seagate"
6111,"4",15074,"Seagate"
6112,"飞飞飞
",15061,"Seagate"
6113,"c shift members",14567,"Seagate"
6114,"Nipa🐱🏅",14309,"Seagate"
6115,"runner_man",14120,"Seagate"
6116,"ชิวๆๆๆ",14052,"Seagate"
6117,"liver bird",14009,"Seagate"
6118,"👷",14000,"Seagate"
6119,"Topcat",13979,"Seagate"
6120,"แหยมไง

",13887,"Seagate"
6121,"กล้วยไข่",13737,"Seagate"
6122,"MR m",13479,"Seagate"
6123,"the Corner Boys",13311,"Seagate"
6124,"APN",12942,"Seagate"
6125,"MTP Party of One!",12634,"Seagate"
6126,"เดินเรื่อยๆ",12628,"Seagate"
6127,"Maneechot🙉",12121,"Seagate"
6128,"Puyy",12069,"Seagate"
6129,"步履不停",12000,"Seagate"
6130,"喜羊羊123",11700,"Seagate"
6131,"คนบินเดี่ยว",11500,"Seagate"
6132,"SRI",11418,"Seagate"
6133,"Chris A",11296,"Seagate"
6134,"ทีม CR",10940,"Seagate"
6135,"I can do it alone",10862,"Seagate"
6136,"Andrew Wong",10814,"Seagate"
6137,"one only

",10429,"Seagate"
6138,"อาแม๊ะสู้ๆ",10303,"Seagate"
6139,"Walk",10200,"Seagate"
6140,"P.Pram",10048,"Seagate"
6141,"Warapon",10000,"Seagate"
6141,"ผมเดิน",10000,"Seagate"
6143,"Earnnie",9414,"Seagate"
6144,"✌️😊✌️",9336,"Seagate"
6145,"My friend",9331,"Seagate"
6146,"Five Butterfly 🦋",9117,"Seagate"
6147,"Good luck",9072,"Seagate"
6148,"화이팅",8901,"Seagate"
6149,"วิ่งกับฝน
",8800,"Seagate"
6150,"Sdet alulm",8000,"Seagate"
6151,"Sololeveling",7633,"Seagate"
6152,"ปุนาขาเก",7515,"Seagate"
6153,"ที่สุด",7433,"Seagate"
6154,"สวัสดีวันจันทร์",7093,"Seagate"
6155,"เดินวิ่ง",7000,"Seagate"
6155,"บินเดี่ยว",7000,"Seagate"
6155,"runner",7000,"Seagate"
6155,"ออกกำลังไปด้วยกัน",7000,"Seagate"
6159,"suriya zalim ✌",6861,"Seagate"
6160,"默",6700,"Seagate"
6161,"KaliYuNai",6624,"Seagate"
6162,"DD",6579,"Seagate"
6163,"สวยแซ่บเวอร์",6519,"Seagate"
6164,"ชายโสด",6276,"Seagate"
6165,"加油艳阳天",6000,"Seagate"
6166,"Taii zaaa
",5847,"Seagate"
6167,"Likit",5830,"Seagate"
6168,"M to M",5460,"Seagate"
6168,"pink pink",5460,"Seagate"
6170,"Lek",5300,"Seagate"
6171,"ก้าวพร้อมกัน 🏃‍♀️🏃‍♂️",5258,"Seagate"
6172,"🐶🥑🌊",5222,"Seagate"
6173,"นอนไม่หลับ",5000,"Seagate"
6173,"รอย


ยิ้มหวาน",5000,"Seagate"
6173,"ComET-A",5000,"Seagate"
6176,"People Analytics",4867,"Seagate"
6177,"จิ้ดริ้ด",4680,"Seagate"
6178,"Seagate China",4596,"Seagate"
6179,"runmates",4404,"Seagate"
6180,"เดินจนวินๆ
",3951,"Seagate"
6181,"fai

",3874,"Seagate"
6182,"势如破竹",3600,"Seagate"
6183,"คนคูลๆ",3238,"Seagate"
6184,"หุ่นดีได้ ด้วยการเดิน วิ่ง ",2741,"Seagate"
6185," ร่วมมือเพื่อก้าว",2698,"Seagate"
6186,"brid",2427,"Seagate"
6187,"Season",2100,"Seagate"
6188,"ก้าวคนล่ะ9",2000,"Seagate"
6189,"Jenny eiei",1688,"Seagate"
6190,"Padu",1422,"Seagate"
6191,"Nok37 ",1000,"Seagate"
6192,"全员好人",998,"Seagate"
6193,"Foat",820,"Seagate"
6194,"Health love",503,"Seagate"
6195,"มุกกี้",500,"Seagate"
6196,"Gayathiri",400,"Seagate"
6197,"GG",280,"Seagate"
6198,"小幸运",200,"Seagate"
6199,"introvert zaza",100,"Seagate"
6200,"milling",89,"Seagate"
6201,"wildlifefire",0,"Seagate"
6201,"09",0,"Seagate"
6201,"Gam Gam",0,"Seagate"
6201,"Madam V2",0,"Seagate"
6201,"STST mfg",0,"Seagate"
6201,"VW",0,"Seagate"
6201,"Hitman",0,"Seagate"
6201,"Chill Chill 😎",0,"Seagate"
6201,"Meh",0,"Seagate"
6201,"catcatcat",0,"Seagate"
6201,"Shopee",0,"Seagate"
6201,"Oversea",0,"Seagate"
6201,"Morning 🌄",0,"Seagate"
6201,"Pablo's team
",0,"Seagate"
6201,"Inch ",0,"Seagate"
6201,"Pizza hut",0,"Seagate"
6201,"Mustang",0,"Seagate"
6201,"Lake Superior ",0,"Seagate"
6201,"Tucker",0,"Seagate"
6201,"Golden Walking Loop",0,"Seagate"
6201,"solo walking",0,"Seagate"
6201,"Mayday",0,"Seagate"
6201,"Sagely Buffalo",0,"Seagate"
6201,"All By Myself",0,"Seagate"
6201,"onestepatatime",0,"Seagate"
6201,"Test D",0,"Seagate"
6201,"The A team",0,"Seagate"
6201,"Cell 5
",0,"Seagate"
6201,"乐跑联盟",0,"Seagate"
6201,"มะนาวหวาน😍",0,"Seagate"
6201,"Karipap pusing girls ",0,"Seagate"
6201,"Sgte",0,"Seagate"
6201,"i im",0,"Seagate"
6201,"Jejee",0,"Seagate"
6201,"Miwmiw",0,"Seagate"
6201,"Do not read.",0,"Seagate"
6201,"ฟิตจร้า
",0,"Seagate"
6201,"Run55",0,"Seagate"
6201,"homme",0,"Seagate"
6201,"I have no friends",0,"Seagate"
6201,"Risk & ESG",0,"Seagate"
6201,"kapooktigy",0,"Seagate"
6201,"smay",0,"Seagate"
6201,"Van",0,"Seagate"
6201,"Shobambi",0,"Seagate"
6201,"Giggig",0,"Seagate"
6201,"Nighteptc
",0,"Seagate"
6201,"P'Porn ",0,"Seagate"
6201,"เดินไปสิ

",0,"Seagate"
6201,"K Team",0,"Seagate"
6201,"theparak",0,"Seagate"
6201,"🤬",0,"Seagate"
6201,"แว่นตา",0,"Seagate"
6201,"Long run",0,"Seagate"
6201,"Jasmin",0,"Seagate"
6201,"life is not daijoubu",0,"Seagate"
6201,"Love❤️​",0,"Seagate"
6201,"Coffee machine ",0,"Seagate"
6201,"ทีมบ่รู้ดอก",0,"Seagate"
6201,"cha cha",0,"Seagate"
6201,"lazy
 loaf
",0,"Seagate"
6201,"photo ",0,"Seagate"
6201,"XYZ",0,"Seagate"
6201,"หมูเด้งคับ",0,"Seagate"
6201,"Newtime",0,"Seagate"
6201,"ใจสู้สู้",0,"Seagate"
6201,"Thanwa",0,"Seagate"
6201,"Chotika",0,"Seagate"
6201,"Mission Slimpossible ",0,"Seagate"
6201,"Nam",0,"Seagate"
6201,"PPP",0,"Seagate"
6201,"QTP",0,"Seagate"
6201,"แอ๊ดแอ๊ด",0,"Seagate"
6201,"ພໍ່ ຮັງ",0,"Seagate"
6201,"แสตมป์",0,"Seagate"
6201,"NaNa",0,"Seagate"
6201,"LOSO",0,"Seagate"
6201,"WeeWoo",0,"Seagate"
6201,"เต่าน้อย",0,"Seagate"
6201,"วิถีเซียน",0,"Seagate"
6201,"Roses",0,"Seagate"
6201,"tuk",0,"Seagate"
6201,"puengnoy",0,"Seagate"
6201,"Gemini888",0,"Seagate"
6201,"สงกรานต์",0,"Seagate"
6201,"Dekdee",0,"Seagate"
6201,"โอ้ครับ",0,"Seagate"
6201,"One One",0,"Seagate"
6201,"ผีแดง",0,"Seagate"
6201,"Forward",0,"Seagate"
6201,"Helium 2",0,"Seagate"
6201,"น้อยหน่า
",0,"Seagate"
6201,"Run Alone",0,"Seagate"
6201,"Burnout",0,"Seagate"
6201,"วิ่งยาวๆ",0,"Seagate"
6201,"🌻ทานตะวัน🌻",0,"Seagate"
6201,"สุขภาพดีดีดี",0,"Seagate"
6201,"ปั้นแปะ",0,"Seagate"
6201,"คนเดียวชิวๆ",0,"Seagate"
6201,"Rang thong",0,"Seagate"
6201,"shinjug",0,"Seagate"
6201,"Probe",0,"Seagate"
6201,"กากหมู",0,"Seagate"
6201,"Yoga fan ",0,"Seagate"
6201,"3A",0,"Seagate"
6201,"Shabu Heal Jai",0,"Seagate"
6201,"ใบมิ้น☘️",0,"Seagate"
6201,"Boo🤪🤪",0,"Seagate"
6201,"โดดเดี่ยวผู้เดียวดาย",0,"Seagate"
6201,"ชาไทย",0,"Seagate"
6201,"TeamTang",0,"Seagate"
6201,"Pranatda🫠",0,"Seagate"
6201,"จะผอม",0,"Seagate"
6201,"มะหิเหาะ",0,"Seagate"
6201,"คนเดียวก็ได้ครับ",0,"Seagate"
6201,"เอาว่ะ",0,"Seagate"
6201,"Pen Kao Khoi Yud",0,"Seagate"
6201,"เนื้อA5ย่าง",0,"Seagate"
6201,"ฉันจะทำให้ภถึงฝัน",0,"Seagate"
6201,"Lms. 🍃✅",0,"Seagate"
6201,"ซกล้กซักลัก.
",0,"Seagate"
6201,"ไทเกอร์  ☕️",0,"Seagate"
6201,"Flower ",0,"Seagate"
6201,"Pancake5742",0,"Seagate"
6201,"nina",0,"Seagate"
6201,"ส้มหล่น",0,"Seagate"
6201,"Nanney Run🏃🏃",0,"Seagate"
6201,"Bblue",0,"Seagate"
6201,"ย่อง ย่อง",0,"Seagate"
6201,"มีวินัยก็ไปถึงฝั่ง",0,"Seagate"
6201,"wash x",0,"Seagate"
6201,"Car ",0,"Seagate"
6201,"เดินไปให้ไว",0,"Seagate"
6201,"Club por",0,"Seagate"
6201,"938Aoy5502",0,"Seagate"
6201,"bakiya",0,"Seagate"
6201,"Sweat Equity",0,"Seagate"
6201,"โนช",0,"Seagate"
6201,"Pattama",0,"Seagate"
6201,"天下无双",0,"Seagate"
6201,"💖快乐出发",0,"Seagate"
6201,"Ma.",0,"Seagate"
6201,"RTV C Walking
",0,"Seagate"
6201,"Zebra",0,"Seagate"
6201,"Mdw走走走",0,"Seagate"
6201,"DIMO",0,"Seagate"
6201,"เดินเถอะ",0,"Seagate"
6201,"开心Kitty",0,"Seagate"
6201,"kepala basah
",0,"Seagate"
6201,"Healthy Walk ",0,"Seagate"
6201,"Cc Teo",0,"Seagate"
6201,"Nirmala",0,"Seagate"
6201,"sia",0,"Seagate"
6201,"Liya",0,"Seagate"
6201,"jass
",0,"Seagate"
6201,"the kodoks",0,"Seagate"
6201,"jinzhixu",0,"Seagate"
6201,"BRIYANI",0,"Seagate"
6201,"ชิว ชิว",0,"Seagate"
6201,"Jimmymac",0,"Seagate"
6201,"Springtown A shift",0,"Seagate"
6201,"RD shift team",0,"Seagate"
6201,"Execute Walk flow",0,"Seagate"
6201,"plating b shift",0,"Seagate"
6201,"เดินกันคนละ 9",0,"Seagate"
6201,"DF Team",0,"Seagate"
6201,"Reluctant Participant",0,"Seagate"
6201,"hmcc",0,"Seagate"
6201,"Dylan’s Team",0,"Seagate"
6201,"Walker ",0,"Seagate"
6201,"云!",0,"Seagate"
6201,"努力吧，中年人！",0,"Seagate"
6201,"11",0,"Seagate"
6201,"Garuda",0,"Seagate"
6201,"Pizza Pies",0,"Seagate"
6201,"语",0,"Seagate"
6201,"天天向上up",0,"Seagate"
6201,"健康奔跑",0,"Seagate"
6201,"许",0,"Seagate"
6201,"追风小队",0,"Seagate"
6201,"马",0,"Seagate"
6201,"许英",0,"Seagate"
6201,"Fitness",0,"Seagate"
6201,"RJP
",0,"Seagate"
6201,"奋斗",0,"Seagate"
6201,"seagate103team",0,"Seagate"
6201,"exSRGpune",0,"Seagate"
6201,"苹果小队",0,"Seagate"
6201,"WalkEasy",0,"Seagate"
6201,"健康一族",0,"Seagate"
6201,"ererer",0,"Seagate"
6201,"小吃货",0,"Seagate"
6201,"5อวตาร",0,"Seagate"
6201,"健康生活",0,"Seagate"
6201,"快乐的牛马",0,"Seagate"
6201,"Kev and only Kev, do not join",0,"Seagate"
6201,"快乐每一天",0,"Seagate"
6201,"我chovy",0,"Seagate"
6201,"加油",0,"Seagate"
6201,"无双王者",0,"Seagate"
6201,"รวมดาว",0,"Seagate"
6201,"小静",0,"Seagate"
6201,"混日子",0,"Seagate"
6201,"for the mao zi",0,"Seagate"
6201,"续航突击队",0,"Seagate"
6201,"ลี่ ฟอง ฟ๊อด",0,"Seagate"
6201,"Ajmeer Habib",0,"Seagate"
6201,"สล็อท",0,"Seagate"
6201,"Seagate johor",0,"Seagate"
6201,"นำไปโลด",0,"Seagate"
6201,"步步向前小分队",0,"Seagate"
6201,"Iceland",0,"Seagate"
6201,"Milliard",0,"Seagate"
6201,"qwe",0,"Seagate"
6201,"sun",0,"Seagate"
6201,"小花",0,"Seagate"
6201,"给力",0,"Seagate"
6201,"猫猫",0,"Seagate"
6201,"天天向上",0,"Seagate"
6201,"DTE Office Team",0,"Seagate"
6201,"在山野",0,"Seagate"
6201,"MadTech",0,"Seagate"
6201,"666",0,"Seagate"
6201,"开心果

",0,"Seagate"
6201,"steps",0,"Seagate"
6201,"星星小草",0,"Seagate"
6201,"均衡教派-冯加帅",0,"Seagate"
6201,"逐风玩家",0,"Seagate"
6201,"小老虎
",0,"Seagate"
6201,"熊出没",0,"Seagate"
6201,"狼牙山
",0,"Seagate"
6201,"龙龙龙龙龙
",0,"Seagate"
6201,"旅途",0,"Seagate"
6201,"Ganesh",0,"Seagate"
6201,"Step Titans",0,"Seagate"
6201,"李晓萍",0,"Seagate"
6201,"来者不拒
",0,"Seagate"
6201,"跑得快",0,"Seagate"
6201,"正能量",0,"Seagate"
6201,"1231231",0,"Seagate"
6201,"123",0,"Seagate"
6201,"随跑",0,"Seagate"
6201,"Eat-sleep-repeat",0,"Seagate"
6201,"WORKFORCE",0,"Seagate"
6201,"Rowdy Raccoons",0,"Seagate"
6201,"Flatirons View",0,"Seagate"
6201,"聚力健行",0,"Seagate"
6201,"4k",0,"Seagate"
6201,"ก้าวไปเรื่อย เหนื่อยก็พัก",0,"Seagate"
6201,"活力四射
",0,"Seagate"
6201,"สุขภาพพ",0,"Seagate"
6201,"时尚躺平队。",0,"Seagate"
6201,"football ",0,"Seagate"
6201,"保护膝盖拼命冲😇",0,"Seagate"
6201,"SEEYA",0,"Seagate"
6201,"Training  Be",0,"Seagate"
6201,"Sir, I know there is a path.",0,"Seagate"
6201,"Inclusion ",0,"Seagate"
6201,"JBS",0,"Seagate"
6201,"Seagate LCO",0,"Seagate"
6201,"TWG",0,"Seagate"
6201,"Moving Forward Together",0,"Seagate"
6201,"No serious, Just Chill!",0,"Seagate"